BuildProj[Oahu_CentralTrackingPV_398_na,2037]	2017839.64988
BuildProj[Oahu_CentralTrackingPV_462_na,2037]	2017342.51054
BuildProj[Oahu_Wind_408_na,2037]	2545786.347
BuildProj[Oahu_CentralTrackingPV_366_na,2021]	5261113.95981
BuildProj[Oahu_CentralTrackingPV_218_na,2021]	5258828.64495
BuildProj[Oahu_CentralTrackingPV_559_na,2037]	2025495.08036
BuildProj[Oahu_Wind_305_na,2021]	6622618.07381
BuildProj[Oahu_CentralTrackingPV_703_na,2037]	2015752.9922
BuildProj[Oahu_CentralTrackingPV_507_na,2037]	2011425.89582
BuildProj[Oahu_CentralTrackingPV_37_na,2021]	5270780.72328
BuildProj[Oahu_CentralTrackingPV_294_na,2021]	5264733.43079
BuildProj[Oahu_CentralTrackingPV_606_na,2037]	2022247.21278
BuildProj[Oahu_CentralTrackingPV_375_na,2037]	2023985.27267
BuildProj[Oahu_CentralTrackingPV_719_na,2021]	5254095.51266
BuildProj[Oahu_CentralTrackingPV_225_na,2021]	5266140.18879
BuildProj[Oahu_CentralTrackingPV_336_na,2021]	5269979.46888
BuildProj[Oahu_CentralTrackingPV_119_na,2037]	2020814.97503
BuildProj[Oahu_CentralTrackingPV_553_na,2037]	2022496.10692
BuildProj[Oahu_CentralTrackingPV_660_na,2021]	5248243.02383
BuildProj[Oahu_CentralTrackingPV_253_na,2037]	2019419.7154
BuildProj[Oahu_CentralTrackingPV_130_na,2037]	2016873.43669
BuildProj[Oahu_CentralTrackingPV_172_na,2021]	5267667.87858
BuildProj[Oahu_CentralTrackingPV_686_na,2021]	5243395.73496
BuildProj[Oahu_CentralTrackingPV_485_na,2021]	5245953.04173
BuildProj[Oahu_CentralTrackingPV_263_na,2037]	2023700.97451
BuildProj[Oahu_CentralTrackingPV_576_na,2021]	5275631.2972
BuildProj[Oahu_CentralTrackingPV_118_na,2021]	5255059.12122
BuildProj[Oahu_CentralTrackingPV_347_na,2021]	5243035.46055
BuildProj[Oahu_CentralTrackingPV_411_na,2021]	5272651.40871
BuildProj[Oahu_CentralTrackingPV_48_na,2021]	5263948.59693
BuildProj[Oahu_CentralTrackingPV_42_na,2021]	5261832.74722
BuildProj[Oahu_CentralTrackingPV_216_na,2021]	5256937.92359
BuildProj[Oahu_CentralTrackingPV_206_na,2037]	2015133.01466
BuildProj[Oahu_CentralTrackingPV_161_na,2021]	5250707.8558
BuildProj[Oahu_CentralTrackingPV_7_na,2021]	5270649.86188
BuildProj[Oahu_CentralTrackingPV_49_na,2021]	5264451.3596
BuildProj[Oahu_CentralTrackingPV_158_na,2021]	5251111.74166
BuildProj[Oahu_CentralTrackingPV_489_na,2037]	2016658.58479
BuildProj[Oahu_CentralTrackingPV_485_na,2037]	2014028.51507
BuildProj[Oahu_CentralTrackingPV_617_na,2021]	5254122.22462
BuildProj[Oahu_CentralTrackingPV_550_na,2037]	2013253.75022
BuildProj[Oahu_CentralTrackingPV_620_na,2021]	5260724.25739
BuildProj[Oahu_CentralTrackingPV_691_na,2037]	2013947.44438
BuildProj[Oahu_CentralTrackingPV_300_na,2021]	5271732.70655
BuildProj[Oahu_CentralTrackingPV_256_na,2037]	2020651.06562
BuildProj[Oahu_CentralTrackingPV_236_na,2037]	2014356.38699
BuildProj[Oahu_CentralTrackingPV_305_na,2037]	2013336.37572
BuildProj[Oahu_CentralTrackingPV_133_na,2021]	5253559.13017
BuildProj[Oahu_CentralTrackingPV_506_na,2021]	5238375.51319
BuildProj[Oahu_CentralTrackingPV_684_na,2037]	2013680.29981
BuildProj[Oahu_CentralTrackingPV_184_na,2037]	2017340.81156
BuildProj[Oahu_CentralTrackingPV_663_na,2021]	5251892.97661
BuildProj[Oahu_CentralTrackingPV_188_na,2037]	2019692.84762
BuildProj[Oahu_CentralTrackingPV_187_na,2037]	2019321.41616
BuildProj[Oahu_CentralTrackingPV_394_na,2037]	2016161.6144
BuildProj[Oahu_CentralTrackingPV_30_na,2021]	5274187.71456
BuildProj[Oahu_CentralTrackingPV_547_na,2037]	2011913.82851
BuildProj[Oahu_CentralTrackingPV_2_na,2021]	5272351.76135
BuildProj[Oahu_CentralTrackingPV_367_na,2037]	2020293.95027
BuildProj[Oahu_CentralTrackingPV_427_na,2037]	2014286.28222
BuildProj[Oahu_CentralTrackingPV_40_na,2021]	5273991.37636
BuildProj[Oahu_CentralTrackingPV_185_na,2021]	5257902.25078
BuildProj[Oahu_CentralTrackingPV_222_na,2037]	2020536.50158
BuildProj[Oahu_CentralTrackingPV_571_na,2037]	2022915.22316
BuildProj[Oahu_CentralTrackingPV_297_na,2037]	2022569.48255
BuildProj[Oahu_CentralTrackingPV_500_na,2021]	5237599.44786
BuildProj[Oahu_CentralTrackingPV_463_na,2021]	5255764.36795
BuildProj[Oahu_CentralTrackingPV_458_na,2021]	5249982.81393
BuildProj[Oahu_Wind_205_na,2037]	2542325.70393
BuildProj[Oahu_CentralTrackingPV_672_na,2037]	2011665.22008
BuildProj[Oahu_CentralTrackingPV_648_na,2021]	5250197.94844
BuildProj[Oahu_CentralTrackingPV_60_na,2037]	2020114.11876
BuildProj[Oahu_CentralTrackingPV_418_na,2021]	5240059.77344
BuildProj[Oahu_CentralTrackingPV_702_na,2021]	5248482.89809
BuildProj[Oahu_CentralTrackingPV_487_na,2037]	2015758.00278
BuildProj[Oahu_CentralTrackingPV_483_na,2037]	2013224.95896
BuildProj[Oahu_CentralTrackingPV_508_na,2021]	5240058.58102
BuildProj[Oahu_CentralTrackingPV_34_na,2037]	2021248.70027
BuildProj[Oahu_CentralTrackingPV_525_na,2021]	5235863.89654
BuildProj[Oahu_CentralTrackingPV_397_na,2021]	5254752.3607
BuildProj[Oahu_Wind_507_na,2037]	2540011.33956
BuildProj[Oahu_CentralTrackingPV_78_na,2021]	5262592.9016
BuildProj[Oahu_CentralTrackingPV_44_na,2021]	5262359.84285
BuildProj[Oahu_CentralTrackingPV_175_na,2037]	2015751.6884
BuildProj[Oahu_CentralTrackingPV_159_na,2037]	2015878.55669
BuildProj[Oahu_CentralTrackingPV_464_na,2037]	2018252.23202
BuildProj[Oahu_CentralTrackingPV_328_na,2021]	5260653.69615
BuildProj[Oahu_CentralTrackingPV_41_na,2037]	2020049.727
BuildProj[Oahu_Wind_309_na,2037]	2540975.58485
BuildProj[Oahu_CentralTrackingPV_88_na,2021]	5257686.66667
BuildProj[Oahu_CentralTrackingPV_350_na,2021]	5244211.84947
BuildProj[Oahu_CentralTrackingPV_227_na,2037]	2022629.85193
BuildProj[Oahu_CentralTrackingPV_299_na,2021]	5270547.38186
BuildProj[Oahu_CentralTrackingPV_434_na,2037]	2017582.35575
BuildProj[Oahu_CentralTrackingPV_303_na,2021]	5244607.94857
BuildProj[Oahu_CentralTrackingPV_349_na,2021]	5243733.83015
BuildProj[Oahu_CentralTrackingPV_496_na,2021]	5274018.97746
BuildProj[Oahu_CentralTrackingPV_469_na,2037]	2024934.12762
BuildProj[Oahu_CentralTrackingPV_420_na,2021]	5240789.08284
BuildProj[Oahu_CentralTrackingPV_541_na,2021]	5234098.83082
BuildProj[Oahu_CentralTrackingPV_354_na,2037]	2014377.18825
BuildProj[Oahu_CentralTrackingPV_593_na,2021]	5237526.17832
BuildProj[Oahu_CentralTrackingPV_124_na,2037]	2022565.24983
BuildProj[Oahu_CentralTrackingPV_415_na,2021]	5241199.91423
BuildProj[Oahu_Wind_207_na,2037]	2535699.41458
BuildProj[Oahu_CentralTrackingPV_232_na,2021]	5246959.03575
BuildProj[Oahu_CentralTrackingPV_369_na,2021]	5264633.28897
BuildProj[Oahu_CentralTrackingPV_91_na,2021]	5258871.61666
BuildProj[Oahu_Wind_102_na,2021]	6605921.77204
BuildProj[Oahu_CentralTrackingPV_61_na,2037]	2020281.58748
BuildProj[Oahu_CentralTrackingPV_116_na,2037]	2017408.39959
BuildProj[Oahu_CentralTrackingPV_4_na,2021]	5273352.86329
BuildProj[Oahu_Kahe_K6,1981]	3128144.18146
BuildProj[Oahu_CentralTrackingPV_173_na,2021]	5268731.121
BuildProj[Oahu_CentralTrackingPV_260_na,2037]	2022368.27983
BuildProj[Oahu_CentralTrackingPV_613_na,2021]	5259376.43613
BuildProj[Oahu_CentralTrackingPV_378_na,2037]	2012520.64937
BuildProj[Oahu_CentralTrackingPV_357_na,2037]	2016097.12713
BuildProj[Oahu_CentralTrackingPV_597_na,2021]	5267460.1781
BuildProj[Oahu_CentralTrackingPV_437_na,2037]	2018931.98092
BuildProj[Oahu_CentralTrackingPV_211_na,2021]	5251344.3228
BuildProj[Oahu_CentralTrackingPV_688_na,2021]	5244412.83741
BuildProj[Oahu_CentralTrackingPV_570_na,2037]	2022410.17476
BuildProj[Oahu_CentralTrackingPV_716_na,2037]	2016528.49773
BuildProj[Oahu_CentralTrackingPV_393_na,2037]	2015765.82852
BuildProj[Oahu_CentralTrackingPV_728_na,2021]	5258356.40095
BuildProj[Oahu_CentralTrackingPV_408_na,2037]	2022853.10672
BuildProj[Oahu_CentralTrackingPV_292_na,2037]	2020371.24236
BuildProj[Oahu_CentralTrackingPV_459_na,2037]	2016010.13545
BuildProj[Oahu_CentralTrackingPV_502_na,2037]	2010305.9261
BuildProj[Oahu_CentralTrackingPV_21_na,2021]	5274468.14409
BuildProj[Oahu_CentralTrackingPV_630_na,2037]	2017853.99913
BuildProj[Oahu_CentralTrackingPV_552_na,2021]	5266715.81465
BuildProj[Oahu_CentralTrackingPV_598_na,2037]	2022794.39937
BuildProj[Oahu_CentralTrackingPV_115_na,2021]	5254694.82862
BuildProj[Oahu_CentralTrackingPV_146_na,2021]	5261639.18241
BuildProj[Oahu_Kahe_K4,1972]	3016205.73427
BuildProj[Oahu_CentralTrackingPV_1_na,2021]	5271902.28264
BuildProj[Oahu_CentralTrackingPV_162_na,2037]	2017235.39043
BuildProj[Oahu_CentralTrackingPV_47_na,2037]	2020761.63317
BuildProj[Oahu_CentralTrackingPV_389_na,2037]	2013972.65971
BuildProj[Oahu_CentralTrackingPV_401_na,2037]	2019162.43943
BuildProj[Oahu_CentralTrackingPV_491_na,2037]	2017582.86765
BuildProj[Oahu_CentralTrackingPV_560_na,2037]	2008819.78701
BuildProj[Oahu_CentralTrackingPV_113_na,2021]	5254869.04272
BuildProj[Oahu_CentralTrackingPV_405_na,2021]	5264070.11785
BuildProj[Oahu_CentralTrackingPV_400_na,2021]	5258155.22064
BuildProj[Oahu_CentralTrackingPV_234_na,2021]	5246717.56485
BuildProj[Oahu_CentralTrackingPV_455_na,2037]	2013944.6622
BuildProj[Oahu_CentralTrackingPV_409_na,2021]	5270166.75388
BuildProj[Oahu_CentralTrackingPV_654_na,2037]	2011881.19984
BuildProj[Oahu_CentralTrackingPV_537_na,2021]	5273442.47341
BuildProj[Oahu_CentralTrackingPV_407_na,2021]	5267715.57249
BuildProj[Oahu_CentralTrackingPV_239_na,2021]	5247548.77736
BuildProj[Oahu_CentralTrackingPV_538_na,2037]	2025084.04365
BuildProj[Oahu_CentralTrackingPV_657_na,2021]	5243587.78171
BuildProj[Oahu_CentralTrackingPV_284_na,2021]	5254121.24652
BuildProj[Oahu_CentralTrackingPV_474_na,2037]	2010749.05221
BuildProj[Oahu_CentralTrackingPV_103_na,2021]	5256200.13691
BuildProj[Oahu_CentralTrackingPV_592_na,2037]	2010317.72923
BuildProj[Oahu_Chevron_GEN1_GEN2_GEN3,1990]	1711096.88235
BuildProj[Oahu_CentralTrackingPV_516_na,2021]	5269868.05051
BuildProj[Oahu_CentralTrackingPV_528_na,2021]	5239128.41731
BuildProj[Oahu_CentralTrackingPV_511_na,2021]	5243031.793
BuildProj[Oahu_CentralTrackingPV_259_na,2037]	2021933.28513
BuildProj[Oahu_CentralTrackingPV_75_na,2037]	2019803.74321
BuildProj[Oahu_Wind_203_na,2021]	6604073.98543
BuildProj[Oahu_CentralTrackingPV_729_na,2037]	2018626.83724
BuildProj[Oahu_CentralTrackingPV_3_na,2037]	2024348.52363
BuildProj[Oahu_Kalaeloa_CC1_CC2,1989]	3583654.69831
BuildProj[Oahu_CentralTrackingPV_1_na,2037]	2023990.95864
BuildProj[Oahu_CentralTrackingPV_273_na,2021]	5245926.50927
BuildProj[Oahu_CentralTrackingPV_165_na,2021]	5260677.03551
BuildProj[Oahu_CentralTrackingPV_424_na,2021]	5243159.87496
BuildProj[Oahu_Wind_208_na,2037]	2533655.80003
BuildProj[Oahu_CentralTrackingPV_117_na,2021]	5254879.23288
BuildProj[Oahu_CentralTrackingPV_711_na,2037]	2016019.36609
BuildProj[Oahu_CentralTrackingPV_501_na,2037]	2010239.72324
BuildProj[Oahu_CentralTrackingPV_644_na,2021]	5245283.36604
BuildProj[Oahu_CentralTrackingPV_403_na,2021]	5261672.57489
BuildProj[Oahu_CentralTrackingPV_544_na,2037]	2010687.17742
BuildProj[Oahu_CentralTrackingPV_368_na,2037]	2020747.81231
BuildProj[Oahu_CentralTrackingPV_23_na,2021]	5276054.6349
BuildProj[Oahu_CentralTrackingPV_656_na,2037]	2012692.1596
BuildProj[Oahu_CentralTrackingPV_264_na,2021]	5272317.03556
BuildProj[Oahu_CentralTrackingPV_229_na,2021]	5247909.77856
BuildProj[Oahu_CentralTrackingPV_123_na,2037]	2022199.93523
BuildProj[Oahu_CentralTrackingPV_472_na,2037]	2011520.44961
BuildProj[Oahu_CentralTrackingPV_79_na,2037]	2022015.62205
BuildProj[Oahu_CentralTrackingPV_433_na,2037]	2017139.2511
BuildProj[Oahu_CentralTrackingPV_593_na,2037]	2010793.2701
BuildProj[Oahu_CentralTrackingPV_174_na,2021]	5250855.41102
BuildProj[Oahu_CentralTrackingPV_288_na,2021]	5258142.52867
BuildProj[Oahu_CentralTrackingPV_413_na,2037]	2025233.53891
BuildProj[Oahu_CentralTrackingPV_112_na,2021]	5255044.96699
BuildProj[Oahu_CentralTrackingPV_517_na,2037]	2023701.31011
BuildProj[Oahu_CentralTrackingPV_9_na,2037]	2024296.39224
BuildProj[Oahu_Wind_404_na,2021]	6609361.51651
BuildProj[Oahu_CentralTrackingPV_258_na,2021]	5265420.86634
BuildProj[Oahu_CentralTrackingPV_651_na,2037]	2017105.01657
BuildProj[Oahu_CentralTrackingPV_50_na,2021]	5270469.75638
BuildProj[Oahu_CentralTrackingPV_38_na,2021]	5272334.6239
BuildProj[Oahu_CentralTrackingPV_291_na,2037]	2019947.53429
BuildProj[Oahu_CentralTrackingPV_615_na,2037]	2020192.48884
BuildProj[Oahu_CentralTrackingPV_373_na,2037]	2023045.27534
BuildProj[Oahu_CentralTrackingPV_609_na,2021]	5262026.13719
BuildProj[Oahu_CentralTrackingPV_129_na,2037]	2016896.76441
BuildProj[Oahu_CentralTrackingPV_461_na,2037]	2016889.4384
BuildProj[Oahu_CentralTrackingPV_653_na,2021]	5239378.53567
BuildProj[Oahu_CentralTrackingPV_346_na,2021]	5242827.83027
BuildProj[Oahu_CentralTrackingPV_614_na,2021]	5260692.4087
BuildProj[Oahu_CentralTrackingPV_367_na,2021]	5262272.66114
BuildProj[Oahu_CentralTrackingPV_212_na,2021]	5252014.32829
BuildProj[Oahu_CentralTrackingPV_87_na,2037]	2018469.97554
BuildProj[Oahu_CentralTrackingPV_106_na,2021]	5264654.84643
BuildProj[Oahu_CentralTrackingPV_608_na,2037]	2019694.33223
BuildProj[Oahu_CentralTrackingPV_109_na,2037]	2022206.75539
BuildProj[Oahu_CentralTrackingPV_362_na,2037]	2018113.26092
BuildProj[Oahu_CentralTrackingPV_664_na,2021]	5253138.11137
BuildProj[Oahu_CentralTrackingPV_621_na,2021]	5254224.50934
BuildProj[Oahu_CentralTrackingPV_493_na,2021]	5270200.20104
BuildProj[Oahu_CentralTrackingPV_535_na,2021]	5270861.65667
BuildProj[Oahu_CentralTrackingPV_673_na,2021]	5241328.93623
BuildProj[Oahu_CentralTrackingPV_713_na,2021]	5253036.12265
BuildProj[Oahu_CentralTrackingPV_137_na,2021]	5265357.53164
BuildProj[Oahu_CentralTrackingPV_611_na,2021]	5264671.66965
BuildProj[Oahu_CentralTrackingPV_29_na,2037]	2024559.70937
BuildProj[Oahu_CentralTrackingPV_519_na,2037]	2024686.23081
BuildProj[Oahu_CentralTrackingPV_246_na,2037]	2016216.57004
BuildProj[Oahu_CentralTrackingPV_61_na,2021]	5262240.45969
BuildProj[Oahu_CentralTrackingPV_272_na,2037]	2013917.63224
BuildProj[Oahu_CentralTrackingPV_557_na,2021]	5273207.20631
BuildProj[Oahu_CentralTrackingPV_365_na,2037]	2019408.60066
BuildProj[Oahu_Wind_505_na,2021]	6625647.4174
BuildProj[Oahu_CentralTrackingPV_142_na,2037]	2016609.87456
BuildProj[Oahu_CentralTrackingPV_103_na,2037]	2017962.58419
BuildProj[Oahu_CentralTrackingPV_189_na,2021]	5261686.44369
BuildProj[Oahu_CentralTrackingPV_33_na,2021]	5264351.81594
BuildProj[Oahu_Waiau_W10_W9,1973]	1694147.78408
BuildProj[Oahu_CentralTrackingPV_13_na,2021]	5269876.97585
BuildProj[Oahu_CentralTrackingPV_332_na,2021]	5265239.43366
BuildProj[Oahu_CentralTrackingPV_425_na,2037]	2013581.27403
BuildProj[Oahu_CentralTrackingPV_505_na,2021]	5237668.04615
BuildProj[Oahu_CentralTrackingPV_471_na,2021]	5240150.40994
BuildProj[Oahu_CentralTrackingPV_320_na,2037]	2016446.83029
BuildProj[Oahu_CentralTrackingPV_112_na,2037]	2017519.09087
BuildProj[Oahu_Reciprocating,2037]	1404744.73369
BuildProj[Oahu_CentralTrackingPV_615_na,2021]	5262008.38391
BuildProj[Oahu_CentralTrackingPV_314_na,2021]	5246575.22366
BuildProj[Oahu_CentralTrackingPV_622_na,2021]	5255548.96778
BuildProj[Oahu_CentralTrackingPV_58_na,2037]	2019831.98409
BuildProj[Oahu_Tesoro_GEN1,1982]	1701007.27078
BuildProj[Oahu_CentralTrackingPV_265_na,2037]	2014298.31197
BuildProj[Oahu_CentralTrackingPV_518_na,2021]	5272429.62407
BuildProj[Oahu_CentralTrackingPV_638_na,2037]	2011166.5941
BuildProj[Oahu_CentralTrackingPV_529_na,2037]	2011791.65592
BuildProj[Oahu_CentralTrackingPV_682_na,2021]	5242755.01603
BuildProj[Oahu_CentralTrackingPV_266_na,2021]	5246237.46016
BuildProj[Oahu_CentralTrackingPV_132_na,2037]	2016899.32118
BuildProj[Oahu_CentralTrackingPV_628_na,2037]	2012927.05137
BuildProj[Oahu_CentralTrackingPV_624_na,2037]	2018718.84434
BuildProj[Oahu_CentralTrackingPV_706_na,2037]	2015510.38622
BuildProj[Oahu_CentralTrackingPV_26_na,2037]	2022073.71839
BuildProj[Oahu_CentralTrackingPV_333_na,2037]	2021881.87915
BuildProj[Oahu_CentralTrackingPV_257_na,2037]	2021071.87353
BuildProj[Oahu_Wind_204_na,2021]	6618735.44907
BuildProj[Oahu_CentralTrackingPV_59_na,2037]	2019965.18087
BuildProj[Oahu_CentralTrackingPV_43_na,2021]	5262073.51669
BuildProj[Oahu_CentralTrackingPV_726_na,2021]	5259352.71388
BuildProj[Oahu_CentralTrackingPV_73_na,2021]	5260141.8264
BuildProj[Oahu_CentralTrackingPV_730_na,2037]	2018354.96477
BuildProj[Oahu_CentralTrackingPV_135_na,2021]	5263517.78954
BuildProj[Oahu_CentralTrackingPV_329_na,2037]	2020104.51737
BuildProj[Oahu_CentralTrackingPV_85_na,2021]	5257352.99837
BuildProj[Oahu_CentralTrackingPV_327_na,2037]	2019240.77119
BuildProj[Oahu_CentralTrackingPV_11_na,2021]	5268956.92628
BuildProj[Oahu_CentralTrackingPV_31_na,2037]	2025182.22066
BuildProj[Oahu_CentralTrackingPV_699_na,2037]	2015139.58517
BuildProj[Oahu_CentralTrackingPV_278_na,2021]	5248376.12156
BuildProj[Oahu_CentralTrackingPV_441_na,2021]	5269714.51787
BuildProj[Oahu_CentralTrackingPV_695_na,2037]	2014487.69589
BuildProj[Oahu_CentralTrackingPV_453_na,2037]	2012543.03969
BuildProj[Oahu_CentralTrackingPV_309_na,2021]	5244355.10294
BuildProj[Oahu_Wind_103_na,2021]	6624677.21148
BuildProj[Oahu_CentralTrackingPV_564_na,2037]	2011213.83069
BuildProj[Oahu_CentralTrackingPV_96_na,2021]	5268234.11633
BuildProj[Oahu_CentralTrackingPV_207_na,2021]	5249204.713
BuildProj[Oahu_CentralTrackingPV_341_na,2021]	5243306.66747
BuildProj[Oahu_Wind_107_na,2021]	6599878.46511
BuildProj[Oahu_CentralTrackingPV_396_na,2037]	2016985.39063
BuildProj[Oahu_CentralTrackingPV_252_na,2021]	5258966.34505
BuildProj[Oahu_CentralTrackingPV_370_na,2037]	2021655.94974
BuildProj[Oahu_Wind_504_na,2021]	6596532.02656
BuildProj[Oahu_CentralTrackingPV_530_na,2037]	2012197.6616
BuildProj[Oahu_CentralTrackingPV_97_na,2021]	5269133.66733
BuildProj[Oahu_CentralTrackingPV_16_na,2037]	2025989.02962
BuildProj[Oahu_CentralTrackingPV_700_na,2037]	2014968.02053
BuildProj[Oahu_CentralTrackingPV_120_na,2037]	2021149.21984
BuildProj[Oahu_CentralTrackingPV_513_na,2021]	5245213.49649
BuildProj[Oahu_CentralTrackingPV_338_na,2037]	2024181.87115
BuildProj[Oahu_CentralTrackingPV_8_na,2021]	5272139.72247
BuildProj[Oahu_CentralTrackingPV_495_na,2021]	5272743.68615
BuildProj[Oahu_CentralTrackingPV_66_na,2021]	5270246.65055
BuildProj[Oahu_CentralTrackingPV_51_na,2021]	5271277.63635
BuildProj[Oahu_CentralTrackingPV_414_na,2021]	5241748.91175
BuildProj[Oahu_CentralTrackingPV_5_na,2037]	2024756.73234
BuildProj[Oahu_CentralTrackingPV_157_na,2037]	2016112.18309
BuildProj[Oahu_CentralTrackingPV_522_na,2037]	2009730.71161
BuildProj[Oahu_CentralTrackingPV_430_na,2021]	5250722.43373
BuildProj[Oahu_Wind_509_na,2021]	6614560.33084
BuildProj[Oahu_CentralTrackingPV_208_na,2021]	5249645.75059
BuildProj[Oahu_CentralTrackingPV_601_na,2037]	2024304.68947
BuildProj[Oahu_Waiau_W3,1947]	0.0
BuildProj[Oahu_CentralTrackingPV_204_na,2021]	5248289.53815
BuildProj[Oahu_CentralTrackingPV_285_na,2037]	2017538.07083
BuildProj[Oahu_Wind_508_na,2037]	2540939.00881
BuildProj[Oahu_CentralTrackingPV_22_na,2021]	5275254.52496
BuildProj[Oahu_Wind_503_na,2021]	6613250.40866
BuildProj[Oahu_CentralTrackingPV_440_na,2021]	5263545.11405
BuildProj[Oahu_CentralTrackingPV_687_na,2021]	5244683.2193
BuildProj[Oahu_Solar_DistPV,2013]	7519502.04808
BuildProj[Oahu_CentralTrackingPV_330_na,2021]	5262917.25279
BuildProj[Oahu_CentralTrackingPV_70_na,2021]	5258843.96542
BuildProj[Oahu_CentralTrackingPV_213_na,2021]	5252739.96857
BuildProj[Oahu_CentralTrackingPV_685_na,2021]	5243192.36437
BuildProj[Oahu_CentralTrackingPV_539_na,2037]	2025580.71314
BuildProj[Oahu_CentralTrackingPV_599_na,2037]	2023297.72215
BuildProj[Oahu_CentralTrackingPV_524_na,2037]	2009951.34516
BuildProj[Oahu_CentralTrackingPV_307_na,2021]	5244064.23477
BuildProj[Oahu_CentralTrackingPV_380_na,2037]	2012316.56679
BuildProj[Oahu_CentralTrackingPV_353_na,2037]	2014084.55815
BuildProj[Oahu_CentralTrackingPV_372_na,2021]	5268230.51085
BuildProj[Oahu_CentralTrackingPV_384_na,2037]	2012697.34265
BuildProj[Oahu_CentralTrackingPV_136_na,2037]	2021120.76014
BuildProj[Oahu_Chevron_GEN4,2011]	1779312.04178
BuildProj[Oahu_CentralTrackingPV_545_na,2021]	5238269.61396
BuildProj[Oahu_CentralTrackingPV_102_na,2021]	5256082.94457
BuildProj[Oahu_CentralTrackingPV_219_na,2037]	2019353.06513
BuildProj[Oahu_CentralTrackingPV_215_na,2037]	2017894.92603
BuildProj[Oahu_CentralTrackingPV_643_na,2037]	2013314.82034
BuildProj[Oahu_CentralTrackingPV_141_na,2037]	2016877.31345
BuildProj[Oahu_CentralTrackingPV_64_na,2021]	5263785.30799
BuildProj[Oahu_CentralTrackingPV_412_na,2037]	2024755.3157
BuildProj[Oahu_CentralTrackingPV_45_na,2037]	2020455.95521
BuildProj[Oahu_CentralTrackingPV_436_na,2021]	5257532.91311
BuildProj[Oahu_CentralTrackingPV_335_na,2021]	5268786.08683
BuildProj[Oahu_CentralTrackingPV_339_na,2021]	5273611.74137
BuildProj[Oahu_CentralTrackingPV_190_na,2021]	5262686.75383
BuildProj[Oahu_CentralTrackingPV_449_na,2021]	5239530.77213
BuildProj[Oahu_Wind_106_na,2021]	6604335.67491
BuildProj[Oahu_CentralTrackingPV_237_na,2037]	2014421.19117
BuildProj[Oahu_CentralTrackingPV_20_na,2021]	5268647.76813
BuildProj[Oahu_CentralTrackingPV_606_na,2021]	5267360.33658
BuildProj[Oahu_CentralTrackingPV_694_na,2021]	5247308.59769
BuildProj[Oahu_CentralTrackingPV_574_na,2037]	2024415.46241
BuildProj[Oahu_CentralTrackingPV_102_na,2037]	2017917.59166
BuildProj[Oahu_CentralTrackingPV_578_na,2037]	2010079.01598
BuildProj[Oahu_CentralTrackingPV_244_na,2037]	2015657.03133
BuildProj[Oahu_CentralTrackingPV_681_na,2021]	5242130.59293
BuildProj[Oahu_CentralTrackingPV_14_na,2021]	5270933.06931
BuildProj[Oahu_Wind_201_na,2037]	2537663.23104
BuildProj[Oahu_CentralTrackingPV_140_na,2021]	5268284.30449
BuildProj[Oahu_CentralTrackingPV_261_na,2021]	5268831.98499
BuildProj[Oahu_CentralTrackingPV_86_na,2021]	5257409.49906
BuildProj[Oahu_CentralTrackingPV_116_na,2021]	5254756.64871
BuildProj[Oahu_CentralTrackingPV_467_na,2021]	5271829.47316
BuildProj[Oahu_CentralTrackingPV_344_na,2021]	5242717.01352
BuildProj[Oahu_CentralTrackingPV_286_na,2037]	2017917.74243
BuildProj[Oahu_CentralTrackingPV_133_na,2037]	2016948.64777
BuildProj[Oahu_CentralTrackingPV_498_na,2021]	5239095.307
BuildProj[Oahu_CentralTrackingPV_245_na,2037]	2015925.98302
BuildProj[Oahu_CentralTrackingPV_514_na,2037]	2015985.28366
BuildProj[Oahu_CentralTrackingPV_225_na,2037]	2021778.77312
BuildProj[Oahu_CentralTrackingPV_618_na,2037]	2018684.34838
BuildProj[Oahu_CentralTrackingPV_641_na,2037]	2012419.37887
BuildProj[Oahu_CentralTrackingPV_548_na,2037]	2012349.42569
BuildProj[Oahu_Honolulu_H8,1954]	0.0
BuildProj[Oahu_CentralTrackingPV_317_na,2037]	2015092.47138
BuildProj[Oahu_CentralTrackingPV_281_na,2037]	2015807.94994
BuildProj[Oahu_CentralTrackingPV_575_na,2021]	5274326.65346
BuildProj[Oahu_CentralTrackingPV_406_na,2037]	2021446.22085
BuildProj[Oahu_CentralTrackingPV_551_na,2037]	2021504.01155
BuildProj[Oahu_CentralTrackingPV_619_na,2021]	5259409.52275
BuildProj[Oahu_CentralTrackingPV_452_na,2021]	5241313.76196
BuildProj[Oahu_CentralTrackingPV_131_na,2037]	2016874.42218
BuildProj[Oahu_CentralTrackingPV_376_na,2037]	2024455.68562
BuildProj[Oahu_CentralTrackingPV_534_na,2037]	2023096.90088
BuildProj[Oahu_CentralTrackingPV_217_na,2037]	2018603.7949
BuildProj[Oahu_Wind_104_na,2021]	6606360.55829
BuildProj[Oahu_CentralTrackingPV_114_na,2021]	5254692.4575
BuildProj[Oahu_CentralTrackingPV_274_na,2037]	2014151.62048
BuildProj[Oahu_CentralTrackingPV_80_na,2021]	5267562.70157
BuildProj[Oahu_CentralTrackingPV_270_na,2037]	2013813.41153
BuildProj[Oahu_CentralTrackingPV_98_na,2037]	2023277.72043
BuildProj[Oahu_CentralTrackingPV_25_na,2037]	2021727.51011
BuildProj[Oahu_CentralTrackingPV_302_na,2021]	5244966.56699
BuildProj[Oahu_CentralTrackingPV_277_na,2021]	5247753.18978
BuildProj[Oahu_CentralTrackingPV_53_na,2021]	5272971.49938
BuildProj[Oahu_CentralTrackingPV_145_na,2021]	5252036.80105
BuildProj[Oahu_CentralTrackingPV_439_na,2021]	5262331.69382
BuildProj[Oahu_CentralTrackingPV_591_na,2021]	5230691.41391
BuildProj[Oahu_CentralTrackingPV_661_na,2021]	5249457.6247
BuildProj[Oahu_CentralTrackingPV_447_na,2037]	2011962.16961
BuildProj[Oahu_CentralTrackingPV_312_na,2021]	5245453.23371
BuildProj[Oahu_CentralTrackingPV_107_na,2021]	5265503.03491
BuildProj[Oahu_CentralTrackingPV_540_na,2021]	5233663.44404
BuildProj[Oahu_CentralTrackingPV_435_na,2021]	5256365.11722
BuildProj[Oahu_CentralTrackingPV_318_na,2037]	2015409.48999
BuildProj[Oahu_CentralTrackingPV_52_na,2021]	5272118.18786
BuildProj[Oahu_CentralTrackingPV_714_na,2037]	2016650.95224
BuildProj[Oahu_CentralTrackingPV_586_na,2021]	5270229.84609
BuildProj[Oahu_CentralTrackingPV_176_na,2021]	5250087.61755
BuildProj[Oahu_CentralTrackingPV_542_na,2021]	5235453.83003
BuildProj[Oahu_CentralTrackingPV_108_na,2037]	2021865.91564
BuildProj[Oahu_CentralTrackingPV_554_na,2021]	5269317.3842
BuildProj[Oahu_CentralTrackingPV_668_na,2021]	5250016.83866
BuildProj[Oahu_CentralTrackingPV_54_na,2037]	2019485.44212
BuildProj[Oahu_CentralTrackingPV_392_na,2021]	5248493.49357
BuildProj[Oahu_CentralTrackingPV_179_na,2037]	2015372.95913
BuildProj[Oahu_CentralTrackingPV_486_na,2037]	2014445.55818
BuildProj[Oahu_CentralTrackingPV_255_na,2021]	5262121.28608
BuildProj[Oahu_Wind_410_na,2037]	2540971.04013
BuildProj[Oahu_CentralTrackingPV_704_na,2021]	5250165.95556
BuildProj[Oahu_CentralTrackingPV_93_na,2037]	2019523.11596
BuildProj[Oahu_CentralTrackingPV_580_na,2037]	2010980.92662
BuildProj[Oahu_CentralTrackingPV_170_na,2037]	2021561.79365
BuildProj[Oahu_CentralTrackingPV_670_na,2021]	5238628.43063
BuildProj[Oahu_CentralTrackingPV_625_na,2037]	2019227.87547
BuildProj[Oahu_CentralTrackingPV_709_na,2037]	2016148.03556
BuildProj[Oahu_CentralTrackingPV_395_na,2037]	2016571.53332
BuildProj[Oahu_CentralTrackingPV_245_na,2021]	5250895.38872
BuildProj[Oahu_CentralTrackingPV_298_na,2021]	5269369.52481
BuildProj[Oahu_CentralTrackingPV_92_na,2037]	2019148.4738
BuildProj[Oahu_CentralTrackingPV_659_na,2021]	5245870.72498
BuildProj[Oahu_CentralTrackingPV_676_na,2037]	2011884.02791
BuildProj[Oahu_CentralTrackingPV_417_na,2037]	2011810.1759
BuildProj[Oahu_CentralTrackingPV_667_na,2021]	5242234.44632
BuildProj[Oahu_CentralTrackingPV_183_na,2021]	5253848.30761
BuildProj[Oahu_CentralTrackingPV_134_na,2037]	2017020.98131
BuildProj[Oahu_CentralTrackingPV_677_na,2021]	5240950.745
BuildProj[Oahu_CentralTrackingPV_531_na,2037]	2012613.95218
BuildProj[Oahu_CentralTrackingPV_282_na,2021]	5251413.10826
BuildProj[Oahu_Wind_101_na,2037]	2547573.20183
BuildProj[Oahu_CentralTrackingPV_359_na,2021]	5253374.56849
BuildProj[Oahu_CentralTrackingPV_196_na,2021]	5269068.24284
BuildProj[Oahu_CentralTrackingPV_250_na,2037]	2018254.84932
BuildProj[Oahu_CentralTrackingPV_201_na,2021]	5248121.35951
BuildProj[Oahu_CentralTrackingPV_645_na,2021]	5246501.46711
BuildProj[Oahu_CentralTrackingPV_388_na,2021]	5245003.92455
BuildProj[Oahu_CentralTrackingPV_572_na,2037]	2023415.00102
BuildProj[Oahu_CentralTrackingPV_468_na,2021]	5273092.82429
BuildProj[Oahu_CentralTrackingPV_94_na,2021]	5266524.25847
BuildProj[Oahu_CentralTrackingPV_230_na,2037]	2014628.30902
BuildProj[Oahu_CentralTrackingPV_311_na,2037]	2013664.88468
BuildProj[Oahu_CentralTrackingPV_623_na,2037]	2018215.62694
BuildProj[Oahu_CentralTrackingPV_351_na,2021]	5244768.44623
BuildProj[Oahu_CentralTrackingPV_224_na,2021]	5265038.76118
BuildProj[Oahu_CentralTrackingPV_722_na,2021]	5256666.32261
BuildProj[Oahu_CentralTrackingPV_127_na,2021]	5253732.1526
BuildProj[Oahu_CentralTrackingPV_432_na,2037]	2016707.13361
BuildProj[Oahu_CentralTrackingPV_361_na,2021]	5255491.97936
BuildProj[Oahu_CentralTrackingPV_315_na,2037]	2014519.60036
BuildProj[Oahu_CentralTrackingPV_721_na,2037]	2018502.44586
BuildProj[Oahu_CentralTrackingPV_457_na,2037]	2015153.89474
BuildProj[Oahu_CentralTrackingPV_151_na,2037]	2021886.82177
BuildProj[Oahu_CentralTrackingPV_155_na,2037]	2016392.6476
BuildProj[Oahu_CentralTrackingPV_248_na,2021]	5255057.96974
BuildProj[Oahu_CentralTrackingPV_152_na,2021]	5267433.26253
BuildProj[Oahu_CentralTrackingPV_402_na,2021]	5260493.91198
BuildProj[Oahu_CentralTrackingPV_450_na,2021]	5240033.10028
BuildProj[Oahu_CentralTrackingPV_680_na,2021]	5241590.30622
BuildProj[Oahu_CentralTrackingPV_160_na,2021]	5250704.84794
BuildProj[Oahu_CentralTrackingPV_357_na,2021]	5251341.16887
BuildProj[Oahu_CentralTrackingPV_231_na,2021]	5247198.92273
BuildProj[Oahu_CentralTrackingPV_87_na,2021]	5257521.74241
BuildProj[Oahu_CentralTrackingPV_275_na,2021]	5246694.09577
BuildProj[Oahu_CentralTrackingPV_17_na,2021]	5267284.39455
BuildProj[Oahu_CentralTrackingPV_295_na,2021]	5265874.40709
BuildProj[Oahu_CentralTrackingPV_637_na,2037]	2016969.31669
BuildProj[Oahu_CentralTrackingPV_195_na,2021]	5267972.55298
BuildProj[Oahu_Wind_502_na,2037]	2542766.52471
BuildProj[Oahu_Waiau_W7_W8,1966]	2964837.92285
BuildProj[Oahu_CentralTrackingPV_526_na,2037]	2010413.20196
BuildProj[Oahu_CentralTrackingPV_493_na,2037]	2023337.49475
BuildProj[Oahu_CentralTrackingPV_138_na,2021]	5266320.86267
BuildProj[Oahu_CentralTrackingPV_462_na,2021]	5254585.02708
BuildProj[Oahu_CentralTrackingPV_366_na,2037]	2019849.10116
BuildProj[Oahu_CentralTrackingPV_100_na,2037]	2017894.08219
BuildProj[Oahu_CentralTrackingPV_383_na,2021]	5241508.55838
BuildProj[Oahu_CentralTrackingPV_727_na,2037]	2018974.06036
BuildProj[Oahu_CentralTrackingPV_203_na,2021]	5248130.66496
BuildProj[Oahu_CentralTrackingPV_218_na,2037]	2018971.72211
BuildProj[Oahu_CentralTrackingPV_559_na,2021]	5275820.07817
BuildProj[Oahu_CentralTrackingPV_607_na,2037]	2022757.25093
BuildProj[Oahu_CentralTrackingPV_697_na,2037]	2014459.16159
BuildProj[Oahu_CentralTrackingPV_703_na,2021]	5250444.7984
BuildProj[Oahu_CentralTrackingPV_180_na,2037]	2015430.55954
BuildProj[Oahu_CentralTrackingPV_200_na,2037]	2014919.61244
BuildProj[Oahu_CentralTrackingPV_294_na,2037]	2021238.69
BuildProj[Oahu_Wind_202_na,2021]	6623019.21999
BuildProj[Oahu_CentralTrackingPV_375_na,2021]	5271887.47237
BuildProj[Oahu_CentralTrackingPV_720_na,2021]	5253913.72676
BuildProj[Oahu_CentralTrackingPV_719_na,2037]	2017154.57596
BuildProj[Oahu_CentralTrackingPV_456_na,2021]	5246750.31453
BuildProj[Oahu_CentralTrackingPV_81_na,2037]	2022640.65361
BuildProj[Oahu_CentralTrackingPV_77_na,2021]	5262022.50451
BuildProj[Oahu_CentralTrackingPV_553_na,2021]	5268008.63276
BuildProj[Oahu_CentralTrackingPV_314_na,2037]	2014267.38342
BuildProj[Oahu_CentralTrackingPV_169_na,2021]	5264559.52511
BuildProj[Oahu_CentralTrackingPV_718_na,2021]	5254336.47287
BuildProj[Oahu_CentralTrackingPV_148_na,2021]	5263488.41728
BuildProj[Oahu_CentralTrackingPV_728_na,2037]	2018790.418
BuildProj[Oahu_CentralTrackingPV_130_na,2021]	5253363.22741
BuildProj[Oahu_Kahe_K1,1963]	2972717.05289
BuildProj[Oahu_CentralTrackingPV_27_na,2037]	2022267.02933
BuildProj[Oahu_CentralTrackingPV_536_na,2021]	5272151.34825
BuildProj[Oahu_CentralTrackingPV_576_na,2037]	2025422.60349
BuildProj[Oahu_CentralTrackingPV_442_na,2037]	2023634.56293
BuildProj[Oahu_CentralTrackingPV_634_na,2037]	2013574.43359
BuildProj[Oahu_CentralTrackingPV_348_na,2021]	5243336.82885
BuildProj[Oahu_CentralTrackingPV_611_na,2037]	2021214.97863
BuildProj[Oahu_CentralTrackingPV_411_na,2037]	2024278.56344
BuildProj[Oahu_CentralTrackingPV_257_na,2021]	5264298.92286
BuildProj[Oahu_CentralTrackingPV_216_na,2037]	2018245.83557
BuildProj[Oahu_CentralTrackingPV_206_na,2021]	5248829.93892
BuildProj[Oahu_CentralTrackingPV_199_na,2037]	2015006.45214
BuildProj[Oahu_CentralTrackingPV_7_na,2037]	2023510.12873
BuildProj[Oahu_CentralTrackingPV_423_na,2037]	2012679.46734
BuildProj[Oahu_CentralTrackingPV_49_na,2037]	2021130.3971
BuildProj[Oahu_CentralTrackingPV_246_na,2021]	5251652.28261
BuildProj[Oahu_CentralTrackingPV_158_na,2037]	2016009.04533
BuildProj[Oahu_CentralTrackingPV_323_na,2021]	5255238.8502
BuildProj[Oahu_CentralTrackingPV_31_na,2021]	5275005.1705
BuildProj[Oahu_CentralTrackingPV_186_na,2037]	2018963.60702
BuildProj[Oahu_CentralTrackingPV_550_na,2021]	5243935.00675
BuildProj[Oahu_CentralTrackingPV_588_na,2037]	2024352.9953
BuildProj[Oahu_CentralTrackingPV_479_na,2037]	2011828.48606
BuildProj[Oahu_CentralTrackingPV_691_na,2021]	5245741.87637
BuildProj[Oahu_CentralTrackingPV_300_na,2037]	2023925.85491
BuildProj[Oahu_CentralTrackingPV_304_na,2037]	2013407.34857
BuildProj[Oahu_CentralTrackingPV_305_na,2021]	5244150.2219
BuildProj[Oahu_CentralTrackingPV_101_na,2021]	5256023.89824
BuildProj[Oahu_CentralTrackingPV_565_na,2021]	5239791.82787
BuildProj[Oahu_CentralTrackingPV_692_na,2021]	5245745.96246
BuildProj[Oahu_CentralTrackingPV_684_na,2021]	5245046.04321
BuildProj[Oahu_CentralTrackingPV_663_na,2037]	2016308.97738
BuildProj[Oahu_CentralTrackingPV_188_na,2021]	5260706.9652
BuildProj[Oahu_CentralTrackingPV_363_na,2037]	2018537.7017
BuildProj[Oahu_CentralTrackingPV_394_na,2021]	5251509.13929
BuildProj[Oahu_CentralTrackingPV_55_na,2021]	5260318.94333
BuildProj[Oahu_CentralTrackingPV_547_na,2021]	5240444.90404
BuildProj[Oahu_CentralTrackingPV_377_na,2021]	5274342.77723
BuildProj[Oahu_CentralTrackingPV_494_na,2021]	5271470.69505
BuildProj[Oahu_CentralTrackingPV_143_na,2037]	2016511.69341
BuildProj[Oahu_CentralTrackingPV_427_na,2021]	5246624.44948
BuildProj[Oahu_CentralTrackingPV_40_na,2037]	2024793.00438
BuildProj[Oahu_CentralTrackingPV_520_na,2037]	2025185.24806
BuildProj[Oahu_CentralTrackingPV_185_na,2037]	2018616.06047
BuildProj[Oahu_CentralTrackingPV_220_na,2037]	2019738.57908
BuildProj[Oahu_CentralTrackingPV_36_na,2037]	2021804.88463
BuildProj[Oahu_Kahe_K3,1970]	3003195.82548
BuildProj[Oahu_CentralTrackingPV_297_na,2021]	5268199.75471
BuildProj[Oahu_CentralTrackingPV_500_na,2037]	2010821.39977
BuildProj[Oahu_Wind_403_na,2021]	6635896.64025
BuildProj[Oahu_Wind_306_na,2037]	2540667.28555
BuildProj[Oahu_CentralTrackingPV_589_na,2037]	2024860.95818
BuildProj[Oahu_CentralTrackingPV_426_na,2037]	2013923.13145
BuildProj[Oahu_CentralTrackingPV_289_na,2037]	2019113.14743
BuildProj[Oahu_CentralTrackingPV_723_na,2037]	2017858.42752
BuildProj[Oahu_Wind_205_na,2021]	6622012.13133
BuildProj[Oahu_CentralTrackingPV_672_na,2021]	5239797.35205
BuildProj[Oahu_CentralTrackingPV_235_na,2037]	2014323.50515
BuildProj[Oahu_CentralTrackingPV_429_na,2037]	2015450.84282
BuildProj[Oahu_CentralTrackingPV_648_na,2037]	2015658.22145
BuildProj[Oahu_CentralTrackingPV_60_na,2021]	5261804.25286
BuildProj[Oahu_CentralTrackingPV_334_na,2037]	2022339.23624
BuildProj[Oahu_CentralTrackingPV_693_na,2037]	2014639.58733
BuildProj[Oahu_Wind_105_na,2037]	2540415.27746
BuildProj[Oahu_CentralTrackingPV_387_na,2037]	2013381.81483
BuildProj[Oahu_CentralTrackingPV_483_na,2021]	5243860.01395
BuildProj[Oahu_CentralTrackingPV_34_na,2021]	5264759.50462
BuildProj[Oahu_CentralTrackingPV_250_na,2021]	5256961.40176
BuildProj[Oahu_CentralTrackingPV_591_na,2037]	2008169.26445
BuildProj[Oahu_CentralTrackingPV_525_na,2037]	2010155.08617
BuildProj[Oahu_CentralTrackingPV_397_na,2037]	2017406.75334
BuildProj[Oahu_CentralTrackingPV_57_na,2021]	5260772.46443
BuildProj[Oahu_Wind_507_na,2021]	6615983.89154
BuildProj[Oahu_CentralTrackingPV_581_na,2021]	5239237.37085
BuildProj[Oahu_CentralTrackingPV_602_na,2021]	5229789.96781
BuildProj[Oahu_CentralTrackingPV_665_na,2021]	5240326.05634
BuildProj[Oahu_CentralTrackingPV_78_na,2037]	2020416.89712
BuildProj[Oahu_CentralTrackingPV_44_na,2037]	2020327.42111
BuildProj[Oahu_CentralTrackingPV_175_na,2021]	5250441.4024
BuildProj[Oahu_CentralTrackingPV_159_na,2021]	5250771.85705
BuildProj[Oahu_CentralTrackingPV_328_na,2037]	2019672.39654
BuildProj[Oahu_CentralTrackingPV_480_na,2037]	2012145.06969
BuildProj[Oahu_CentralTrackingPV_470_na,2021]	5275641.94087
BuildProj[Oahu_CentralTrackingPV_88_na,2037]	2018533.29333
BuildProj[Oahu_CentralTrackingPV_227_na,2021]	5268356.99925
BuildProj[Oahu_CentralTrackingPV_571_na,2021]	5269100.30751
BuildProj[Oahu_CentralTrackingPV_299_na,2037]	2023470.78456
BuildProj[Oahu_CentralTrackingPV_434_na,2021]	5255209.75343
BuildProj[Oahu_CentralTrackingPV_349_na,2037]	2013176.51442
BuildProj[Oahu_CentralTrackingPV_524_na,2021]	5235333.21101
BuildProj[Oahu_CentralTrackingPV_318_na,2021]	5249550.076
BuildProj[Oahu_CentralTrackingPV_601_na,2021]	5272719.45935
BuildProj[Oahu_CentralTrackingPV_28_na,2021]	5267950.38716
BuildProj[Oahu_CentralTrackingPV_24_na,2021]	5265611.76122
BuildProj[Oahu_CentralTrackingPV_455_na,2021]	5245734.62962
BuildProj[Oahu_CentralTrackingPV_415_na,2037]	2012203.69235
BuildProj[Oahu_CentralTrackingPV_46_na,2021]	5263069.26723
BuildProj[Oahu_CentralTrackingPV_32_na,2037]	2020829.05766
BuildProj[Oahu_Wind_207_na,2021]	6604752.59278
BuildProj[Oahu_CentralTrackingPV_166_na,2037]	2020043.10204
BuildProj[Oahu_CentralTrackingPV_369_na,2037]	2021200.24351
BuildProj[Oahu_CentralTrackingPV_586_na,2037]	2023348.87609
BuildProj[Oahu_CentralTrackingPV_4_na,2037]	2024547.86618
BuildProj[Oahu_CentralTrackingPV_144_na,2021]	5252034.02273
BuildProj[Oahu_CentralTrackingPV_173_na,2037]	2022773.48492
BuildProj[Oahu_CentralTrackingPV_260_na,2021]	5267675.6807
BuildProj[Oahu_CentralTrackingPV_67_na,2037]	2023685.37005
BuildProj[Oahu_CentralTrackingPV_378_na,2021]	5242025.49423
BuildProj[Oahu_CentralTrackingPV_605_na,2021]	5266046.74693
BuildProj[Oahu_CentralTrackingPV_279_na,2021]	5249064.35531
BuildProj[Oahu_Wind_405_na,2021]	6597757.66103
BuildProj[Oahu_CentralTrackingPV_437_na,2021]	5258725.1308
BuildProj[Oahu_CentralTrackingPV_95_na,2037]	2022249.85101
BuildProj[Oahu_CentralTrackingPV_19_na,2021]	5268158.949
BuildProj[Oahu_CentralTrackingPV_688_na,2037]	2013437.19917
BuildProj[Oahu_CentralTrackingPV_716_na,2021]	5252464.76266
BuildProj[Oahu_CentralTrackingPV_724_na,2037]	2017747.30909
BuildProj[Oahu_CentralTrackingPV_393_na,2021]	5250478.23326
BuildProj[Oahu_CentralTrackingPV_421_na,2037]	2012223.3078
BuildProj[Oahu_CentralTrackingPV_408_na,2021]	5268938.51242
BuildProj[Oahu_CentralTrackingPV_249_na,2021]	5256001.10097
BuildProj[Oahu_CentralTrackingPV_459_na,2021]	5251114.5811
BuildProj[Oahu_CentralTrackingPV_655_na,2037]	2012281.22613
BuildProj[Oahu_CentralTrackingPV_698_na,2037]	2015252.60658
BuildProj[Oahu_HPower_GEN1,1989]	3578111.53782
BuildProj[Oahu_Wind_308_na,2037]	2537161.38879
BuildProj[Oahu_CentralTrackingPV_460_na,2021]	5252251.85901
BuildProj[Oahu_CentralTrackingPV_543_na,2021]	5236308.72066
BuildProj[Oahu_CentralTrackingPV_492_na,2021]	5256422.71072
BuildProj[Oahu_CentralTrackingPV_162_na,2021]	5254306.01064
BuildProj[Oahu_CentralTrackingPV_147_na,2037]	2020403.05277
BuildProj[Oahu_CentralTrackingPV_268_na,2021]	5245473.15536
BuildProj[Oahu_CentralTrackingPV_522_na,2021]	5234758.52539
BuildProj[Oahu_Kalaeloa_CC1_CC2,1991]	3583654.69831
BuildProj[Oahu_CentralTrackingPV_477_na,2021]	5238836.65195
BuildProj[Oahu_CentralTrackingPV_163_na,2037]	2018995.92726
BuildProj[Oahu_CentralTrackingPV_560_na,2021]	5232385.83421
BuildProj[Oahu_CentralTrackingPV_113_na,2037]	2017451.54995
BuildProj[Oahu_CentralTrackingPV_445_na,2037]	2025077.53743
BuildProj[Oahu_CentralTrackingPV_400_na,2037]	2018713.18077
BuildProj[Oahu_CentralTrackingPV_705_na,2037]	2015564.99414
BuildProj[Oahu_CentralTrackingPV_654_na,2021]	5240359.91592
BuildProj[Oahu_CentralTrackingPV_241_na,2037]	2014972.02547
BuildProj[Oahu_CentralTrackingPV_407_na,2037]	2022383.5951
BuildProj[Oahu_CentralTrackingPV_54_na,2021]	5260166.73475
BuildProj[Oahu_CentralTrackingPV_239_na,2037]	2014641.15057
BuildProj[Oahu_CentralTrackingPV_352_na,2037]	2013817.89575
BuildProj[Oahu_CentralTrackingPV_126_na,2021]	5253976.14809
BuildProj[Oahu_CentralTrackingPV_255_na,2037]	2020235.83429
BuildProj[Oahu_CentralTrackingPV_182_na,2021]	5253151.94242
BuildProj[Oahu_CentralTrackingPV_284_na,2037]	2017164.45571
BuildProj[Oahu_CentralTrackingPV_28_na,2037]	2022473.74525
BuildProj[Oahu_CentralTrackingPV_710_na,2037]	2016071.18494
BuildProj[Oahu_CentralTrackingPV_124_na,2021]	5268188.72973
BuildProj[Oahu_CentralTrackingPV_351_na,2037]	2013573.72466
BuildProj[Oahu_CentralTrackingPV_293_na,2037]	2020800.14323
BuildProj[Oahu_CentralTrackingPV_516_na,2037]	2023209.97538
BuildProj[Oahu_CentralTrackingPV_679_na,2037]	2012180.10064
BuildProj[Oahu_CentralTrackingPV_612_na,2021]	5226349.81081
BuildProj[Oahu_CentralTrackingPV_192_na,2021]	5264755.19788
BuildProj[Oahu_CentralTrackingPV_511_na,2037]	2012906.98802
BuildProj[Oahu_CentralTrackingPV_515_na,2037]	2016447.9736
BuildProj[Oahu_CentralTrackingPV_355_na,2021]	5247668.06444
BuildProj[Oahu_Waiau_W6,1961]	2948893.34346
BuildProj[Oahu_CentralTrackingPV_497_na,2037]	2025299.54135
BuildProj[Oahu_CentralTrackingPV_228_na,2021]	5269495.31671
BuildProj[Oahu_CentralTrackingPV_24_na,2037]	2021575.89899
BuildProj[Oahu_CentralTrackingPV_537_na,2037]	2024582.26933
BuildProj[Oahu_CentralTrackingPV_391_na,2021]	5247558.69453
BuildProj[Oahu_Wind_208_na,2021]	6599429.57679
BuildProj[Oahu_CentralTrackingPV_198_na,2037]	2015121.14427
BuildProj[Oahu_CentralTrackingPV_117_na,2037]	2017455.46216
BuildProj[Oahu_CentralTrackingPV_711_na,2021]	5251138.62421
BuildProj[Oahu_CentralTrackingPV_587_na,2037]	2023850.84469
BuildProj[Oahu_CentralTrackingPV_544_na,2021]	5237249.83804
BuildProj[Oahu_CentralTrackingPV_382_na,2021]	5241393.82887
BuildProj[Oahu_CentralTrackingPV_568_na,2037]	2021412.45708
BuildProj[Oahu_CentralTrackingPV_600_na,2037]	2023801.15524
BuildProj[Oahu_CentralTrackingPV_264_na,2037]	2024150.19076
BuildProj[Oahu_CentralTrackingPV_585_na,2037]	2022847.10592
BuildProj[Oahu_CentralTrackingPV_533_na,2037]	2013485.42178
BuildProj[Oahu_CentralTrackingPV_123_na,2021]	5267237.19245
BuildProj[Oahu_CentralTrackingPV_433_na,2021]	5254055.59591
BuildProj[Oahu_CentralTrackingPV_92_na,2021]	5259289.0312
BuildProj[Oahu_CentralTrackingPV_307_na,2037]	2013303.3635
BuildProj[Oahu_CentralTrackingPV_337_na,2037]	2023713.50661
BuildProj[Oahu_CentralTrackingPV_9_na,2021]	5272697.84751
BuildProj[Oahu_CentralTrackingPV_90_na,2037]	2018721.61279
BuildProj[Oahu_CentralTrackingPV_484_na,2037]	2013622.45803
BuildProj[Oahu_CentralTrackingPV_614_na,2037]	2019687.25908
BuildProj[Oahu_CentralTrackingPV_214_na,2037]	2016926.4973
BuildProj[Oahu_CentralTrackingPV_555_na,2021]	5270612.86525
BuildProj[Oahu_CentralTrackingPV_258_na,2037]	2021502.61055
BuildProj[Oahu_CentralTrackingPV_50_na,2037]	2023440.98255
BuildProj[Oahu_CentralTrackingPV_38_na,2037]	2024156.94328
BuildProj[Oahu_CentralTrackingPV_531_na,2021]	5242268.52065
BuildProj[Oahu_CentralTrackingPV_313_na,2037]	2014037.28235
BuildProj[Oahu_CentralTrackingPV_291_na,2021]	5261370.34922
BuildProj[Oahu_CentralTrackingPV_504_na,2021]	5237062.37605
BuildProj[Oahu_CentralTrackingPV_609_na,2037]	2020199.30469
BuildProj[Oahu_CentralTrackingPV_645_na,2037]	2014239.06677
BuildProj[Oahu_CentralTrackingPV_379_na,2021]	5241709.11967
BuildProj[Oahu_CentralTrackingPV_262_na,2037]	2023254.89617
BuildProj[Oahu_CentralTrackingPV_715_na,2037]	2016577.80154
BuildProj[Oahu_CentralTrackingPV_653_na,2037]	2011504.42792
BuildProj[Oahu_CentralTrackingPV_610_na,2037]	2020709.97015
BuildProj[Oahu_CentralTrackingPV_604_na,2037]	2021238.64753
BuildProj[Oahu_CentralTrackingPV_106_na,2037]	2021208.51985
BuildProj[Oahu_CentralTrackingPV_362_na,2021]	5256592.60555
BuildProj[Oahu_CentralTrackingPV_499_na,2021]	5238304.74433
BuildProj[Oahu_CentralTrackingPV_664_na,2037]	2016787.01005
BuildProj[Oahu_CentralTrackingPV_707_na,2037]	2015483.65855
BuildProj[Oahu_CentralTrackingPV_633_na,2037]	2013104.78941
BuildProj[Oahu_CentralTrackingPV_345_na,2021]	5242722.02007
BuildProj[Oahu_CentralTrackingPV_535_na,2037]	2023591.44107
BuildProj[Oahu_CentralTrackingPV_476_na,2037]	2011085.35065
BuildProj[Oahu_Waiau_W4,1950]	0.0
BuildProj[Oahu_CentralTrackingPV_629_na,2021]	5254609.68327
BuildProj[Oahu_CentralTrackingPV_573_na,2037]	2023915.08928
BuildProj[Oahu_CentralTrackingPV_666_na,2021]	5241248.07888
BuildProj[Oahu_CentralTrackingPV_276_na,2021]	5247186.64679
BuildProj[Oahu_CentralTrackingPV_272_na,2021]	5245664.22451
BuildProj[Oahu_Wind_505_na,2037]	2543721.3645
BuildProj[Oahu_Wind_307_na,2021]	6599657.76452
BuildProj[Oahu_CentralTrackingPV_605_na,2037]	2021742.89889
BuildProj[Oahu_CentralTrackingPV_142_na,2021]	5252676.72542
BuildProj[Oahu_CentralTrackingPV_17_na,2037]	2022218.05709
BuildProj[Oahu_CentralTrackingPV_33_na,2037]	2021092.18026
BuildProj[Oahu_DistPV_peak_1_na,2021]	5342969.38367
BuildProj[Oahu_Kahe_K2,1964]	2977037.50411
BuildProj[Oahu_CentralTrackingPV_332_na,2037]	2021432.95483
BuildProj[Oahu_CentralTrackingPV_505_na,2037]	2010847.73605
BuildProj[Oahu_CentralTrackingPV_471_na,2037]	2011800.76622
BuildProj[Oahu_CentralTrackingPV_320_na,2021]	5252252.04294
BuildProj[Oahu_CentralTrackingPV_579_na,2037]	2010526.14484
BuildProj[Oahu_CCCT,2037]	2154975.32731
BuildProj[Oahu_CentralTrackingPV_708_na,2037]	2016249.76394
BuildProj[Oahu_CentralTrackingPV_58_na,2021]	5261069.37486
BuildProj[Oahu_CentralTrackingPV_100_na,2021]	5256021.7093
BuildProj[Oahu_CentralTrackingPV_546_na,2037]	2011485.98833
BuildProj[Oahu_CentralTrackingPV_638_na,2021]	5238498.57776
BuildProj[Oahu_CentralTrackingPV_607_na,2021]	5268688.83622
BuildProj[Oahu_CentralTrackingPV_156_na,2037]	2016241.31636
BuildProj[Oahu_CentralTrackingPV_529_na,2021]	5240126.68029
BuildProj[Oahu_CentralTrackingPV_595_na,2021]	5264839.86659
BuildProj[Oahu_CentralTrackingPV_510_na,2021]	5241998.07514
BuildProj[Oahu_CentralTrackingPV_132_na,2021]	5253430.64889
BuildProj[Oahu_CentralTrackingPV_624_na,2021]	5258169.97259
BuildProj[Oahu_CentralTrackingPV_706_na,2021]	5249812.88106
BuildProj[Oahu_CentralTrackingPV_26_na,2021]	5266908.43463
BuildProj[Oahu_CentralTrackingPV_68_na,2021]	5271978.3095
BuildProj[Oahu_CentralTrackingPV_360_na,2021]	5254422.6785
BuildProj[Oahu_CentralTrackingPV_627_na,2021]	5257008.17605
BuildProj[Oahu_CentralTrackingPV_63_na,2021]	5263233.06145
BuildProj[Oahu_CentralTrackingPV_242_na,2037]	2015178.11019
BuildProj[Oahu_CentralTrackingPV_374_na,2021]	5270653.62077
BuildProj[Oahu_CentralTrackingPV_43_na,2037]	2020217.49465
BuildProj[Oahu_CentralTrackingPV_171_na,2037]	2021958.22304
BuildProj[Oahu_CentralTrackingPV_726_na,2037]	2019172.92288
BuildProj[Oahu_CentralTrackingPV_65_na,2037]	2023037.84478
BuildProj[Oahu_CentralTrackingPV_416_na,2021]	5240409.21582
BuildProj[Oahu_CentralTrackingPV_730_na,2021]	5257222.17311
BuildProj[Oahu_CentralTrackingPV_135_na,2037]	2020771.98049
BuildProj[Oahu_Wind_202_na,2037]	2542712.34584
BuildProj[Oahu_CentralTrackingPV_290_na,2037]	2019524.85223
BuildProj[Oahu_CentralTrackingPV_85_na,2037]	2018405.19126
BuildProj[Oahu_CentralTrackingPV_699_na,2021]	5248847.05317
BuildProj[Oahu_CentralTrackingPV_678_na,2021]	5240793.38785
BuildProj[Oahu_CentralTrackingPV_278_na,2037]	2014958.7849
BuildProj[Oahu_CentralTrackingPV_695_na,2021]	5247149.07296
BuildProj[Oahu_CentralTrackingPV_309_na,2037]	2013415.03373
BuildProj[Oahu_CentralTrackingPV_442_na,2021]	5270973.97645
BuildProj[Oahu_CentralTrackingPV_121_na,2037]	2021489.36542
BuildProj[Oahu_CentralTrackingPV_326_na,2021]	5258432.86068
BuildProj[Oahu_CentralTrackingPV_636_na,2037]	2015017.91138
BuildProj[Oahu_CentralTrackingPV_71_na,2037]	2019038.38554
BuildProj[Oahu_CentralTrackingPV_569_na,2037]	2021911.11175
BuildProj[Oahu_CentralTrackingPV_319_na,2037]	2016084.48709
BuildProj[Oahu_CentralTrackingPV_626_na,2037]	2017772.25814
BuildProj[Oahu_Wind_107_na,2037]	2533828.13742
BuildProj[Oahu_CentralTrackingPV_346_na,2037]	2012828.68256
BuildProj[Oahu_CentralTrackingPV_396_na,2021]	5253654.83453
BuildProj[Oahu_CentralTrackingPV_631_na,2037]	2011728.7103
BuildProj[Oahu_Wind_504_na,2037]	2532543.37131
BuildProj[Oahu_CentralTrackingPV_224_na,2037]	2021355.91257
BuildProj[Oahu_CentralTrackingPV_97_na,2037]	2022928.03067
BuildProj[Oahu_CentralTrackingPV_563_na,2021]	5237497.63379
BuildProj[Oahu_CentralTrackingPV_700_na,2021]	5248400.17766
BuildProj[Oahu_CentralTrackingPV_549_na,2037]	2012800.04005
BuildProj[Oahu_CentralTrackingPV_443_na,2021]	5272223.33818
BuildProj[Oahu_CentralTrackingPV_83_na,2021]	5270111.09312
BuildProj[Oahu_CentralTrackingPV_8_na,2037]	2024082.11664
BuildProj[Oahu_CentralTrackingPV_662_na,2021]	5250670.33275
BuildProj[Oahu_CentralTrackingPV_66_na,2037]	2023355.32767
BuildProj[Oahu_CentralTrackingPV_488_na,2021]	5251623.88382
BuildProj[Oahu_CentralTrackingPV_51_na,2037]	2023751.14417
BuildProj[Oahu_CentralTrackingPV_193_na,2021]	5265808.8902
BuildProj[Oahu_CentralTrackingPV_414_na,2037]	2012414.46371
BuildProj[Oahu_CentralTrackingPV_410_na,2037]	2023803.4017
BuildProj[Oahu_CentralTrackingPV_543_na,2037]	2010325.86324
BuildProj[Oahu_CentralTrackingPV_177_na,2037]	2015507.24954
BuildProj[Oahu_CentralTrackingPV_157_na,2021]	5251380.38524
BuildProj[Oahu_Wind_509_na,2037]	2539464.80554
BuildProj[Oahu_CentralTrackingPV_385_na,2037]	2012894.0714
BuildProj[Oahu_Wind_508_na,2021]	6618400.19759
BuildProj[Oahu_CentralTrackingPV_523_na,2037]	2009806.34033
BuildProj[Oahu_CentralTrackingPV_671_na,2021]	5239164.29673
BuildProj[Oahu_CentralTrackingPV_210_na,2037]	2015858.17705
BuildProj[Oahu_CentralTrackingPV_650_na,2021]	5252708.80799
BuildProj[Oahu_CentralTrackingPV_440_na,2037]	2020782.47093
BuildProj[Oahu_CentralTrackingPV_441_na,2037]	2023151.03106
BuildProj[Oahu_CentralTrackingPV_322_na,2037]	2017202.63675
BuildProj[Oahu_CentralTrackingPV_74_na,2037]	2019630.28046
BuildProj[Oahu_CentralTrackingPV_70_na,2037]	2018977.60395
BuildProj[Oahu_CentralTrackingPV_306_na,2021]	5244059.67046
BuildProj[Oahu_CentralTrackingPV_448_na,2021]	5239976.98373
BuildProj[Oahu_CentralTrackingPV_685_na,2037]	2012968.63465
BuildProj[Oahu_CentralTrackingPV_18_na,2021]	5267700.7076
BuildProj[Oahu_CentralTrackingPV_509_na,2037]	2012125.63723
BuildProj[Oahu_CentralTrackingPV_380_na,2021]	5241493.91903
BuildProj[Oahu_CentralTrackingPV_372_na,2037]	2022581.29045
BuildProj[Oahu_CentralTrackingPV_136_na,2021]	5264426.25813
BuildProj[Oahu_CentralTrackingPV_178_na,2037]	2015343.7978
BuildProj[Oahu_CentralTrackingPV_223_na,2021]	5263963.87171
BuildProj[Oahu_CentralTrackingPV_267_na,2037]	2014008.62286
BuildProj[Oahu_CentralTrackingPV_350_na,2037]	2013360.0358
BuildProj[Oahu_CentralTrackingPV_215_na,2021]	5256023.90725
BuildProj[Oahu_CentralTrackingPV_10_na,2037]	2022705.0496
BuildProj[Oahu_CentralTrackingPV_311_na,2021]	5245005.89132
BuildProj[Oahu_CentralTrackingPV_141_na,2021]	5253373.3252
BuildProj[Oahu_CentralTrackingPV_640_na,2021]	5240640.83479
BuildProj[Oahu_CentralTrackingPV_558_na,2021]	5274520.48449
BuildProj[Oahu_Kahe_K5,1974]	3047843.34222
BuildProj[Oahu_CentralTrackingPV_64_na,2037]	2020874.68629
BuildProj[Oahu_CentralTrackingPV_39_na,2037]	2024472.45231
BuildProj[Oahu_CentralTrackingPV_45_na,2021]	5262694.63645
BuildProj[Oahu_CentralTrackingPV_521_na,2021]	5276299.98947
BuildProj[Oahu_CentralTrackingPV_331_na,2037]	2020987.66771
BuildProj[Oahu_CentralTrackingPV_335_na,2037]	2022794.58742
BuildProj[Oahu_CentralTrackingPV_604_na,2021]	5264733.32017
BuildProj[Oahu_CentralTrackingPV_190_na,2037]	2020452.92891
BuildProj[Oahu_CentralTrackingPV_449_na,2037]	2011562.8746
BuildProj[Oahu_Wind_106_na,2037]	2535539.3513
BuildProj[Oahu_CentralTrackingPV_419_na,2037]	2011910.36482
BuildProj[Oahu_CentralTrackingPV_589_na,2021]	5274168.37605
BuildProj[Oahu_CentralTrackingPV_6_na,2021]	5274476.92506
BuildProj[Oahu_CentralTrackingPV_125_na,2037]	2017364.28622
BuildProj[Oahu_CentralTrackingPV_574_na,2021]	5273007.99035
BuildProj[Oahu_CentralTrackingPV_717_na,2021]	5254638.81114
BuildProj[Oahu_CentralTrackingPV_712_na,2037]	2016869.33695
BuildProj[Oahu_CentralTrackingPV_578_na,2021]	5235665.75602
BuildProj[Oahu_Wind_206_na,2021]	6633364.85011
BuildProj[Oahu_CentralTrackingPV_221_na,2037]	2020131.75684
BuildProj[Oahu_Wind_501_na,2037]	2547127.04072
BuildProj[Oahu_CentralTrackingPV_238_na,2021]	5247222.15196
BuildProj[Oahu_Wind_506_na,2037]	2548226.37455
BuildProj[Oahu_CentralTrackingPV_86_na,2037]	2018426.88302
BuildProj[Oahu_CentralTrackingPV_496_na,2037]	2024803.60101
BuildProj[Oahu_CentralTrackingPV_584_na,2037]	2022339.91854
BuildProj[Oahu_CentralTrackingPV_389_na,2021]	5245807.5549
BuildProj[Oahu_CentralTrackingPV_467_na,2037]	2023963.00559
BuildProj[Oahu_CentralTrackingPV_358_na,2021]	5252338.77454
BuildProj[Oahu_CentralTrackingPV_287_na,2021]	5257096.21075
BuildProj[Oahu_Kalaeloa_KAS2,2012]	5245916.39905
BuildProj[Oahu_CentralTrackingPV_533_na,2021]	5244538.44314
BuildProj[Oahu_CentralTrackingPV_95_na,2021]	5267367.20839
BuildProj[Oahu_CentralTrackingPV_139_na,2021]	5267293.37488
BuildProj[Oahu_CentralTrackingPV_548_na,2021]	5241579.50681
BuildProj[Oahu_CentralTrackingPV_466_na,2021]	5260593.04661
BuildProj[Oahu_CentralTrackingPV_317_na,2021]	5248724.33559
BuildProj[Oahu_CentralTrackingPV_473_na,2021]	5238774.75357
BuildProj[Oahu_CentralTrackingPV_404_na,2037]	2020524.75055
BuildProj[Oahu_CentralTrackingPV_281_na,2021]	5250587.9472
BuildProj[Oahu_CentralTrackingPV_461_na,2021]	5253404.90715
BuildProj[Oahu_CentralTrackingPV_551_na,2021]	5265424.51555
BuildProj[Oahu_CentralTrackingPV_140_na,2037]	2022601.94293
BuildProj[Oahu_CentralTrackingPV_619_na,2037]	2019194.73296
BuildProj[Oahu_CentralTrackingPV_452_na,2037]	2012247.40081
BuildProj[Oahu_CentralTrackingPV_583_na,2021]	5266296.03539
BuildProj[Oahu_CentralTrackingPV_321_na,2021]	5253216.71079
BuildProj[Oahu_CentralTrackingPV_131_na,2021]	5253365.7943
BuildProj[Oahu_CentralTrackingPV_99_na,2021]	5256190.78021
BuildProj[Oahu_CentralTrackingPV_646_na,2037]	2014706.42805
BuildProj[Oahu_CentralTrackingPV_381_na,2037]	2012276.02419
BuildProj[Oahu_CentralTrackingPV_364_na,2021]	5258819.03523
BuildProj[Oahu_Wind_104_na,2037]	2536316.74538
BuildProj[Oahu_CentralTrackingPV_114_na,2037]	2017383.75528
BuildProj[Oahu_CentralTrackingPV_274_na,2021]	5246273.69518
BuildProj[Oahu_CentralTrackingPV_80_na,2037]	2022324.90483
BuildProj[Oahu_Waiau_W7_W8,1968]	2964837.92285
BuildProj[Oahu_CentralTrackingPV_25_na,2021]	5266006.66368
BuildProj[Oahu_CentralTrackingPV_277_na,2037]	2014719.62867
BuildProj[Oahu_CentralTrackingPV_252_na,2037]	2019024.58799
BuildProj[Oahu_CentralTrackingPV_445_na,2021]	5274732.5014
BuildProj[Oahu_CentralTrackingPV_53_na,2037]	2024401.45278
BuildProj[Oahu_CentralTrackingPV_223_na,2037]	2020943.24055
BuildProj[Oahu_CentralTrackingPV_6_na,2037]	2024979.41645
BuildProj[Oahu_CentralTrackingPV_714_na,2021]	5252783.72072
BuildProj[Oahu_CentralTrackingPV_238_na,2037]	2014515.75241
BuildProj[Oahu_CentralTrackingPV_582_na,2037]	2021337.55469
BuildProj[Oahu_CentralTrackingPV_542_na,2037]	2009997.65326
BuildProj[Oahu_CentralTrackingPV_527_na,2021]	5238178.51286
BuildProj[Oahu_CentralTrackingPV_179_na,2021]	5249454.92384
BuildProj[Oahu_CentralTrackingPV_486_na,2021]	5247039.3166
BuildProj[Oahu_CentralTrackingPV_527_na,2037]	2011043.71465
BuildProj[Oahu_CentralTrackingPV_567_na,2021]	5242191.33071
BuildProj[Oahu_CentralTrackingPV_704_na,2037]	2015645.93873
BuildProj[Oahu_CentralTrackingPV_566_na,2037]	2012117.24281
BuildProj[Oahu_CentralTrackingPV_93_na,2021]	5260264.86406
BuildProj[Oahu_CentralTrackingPV_145_na,2037]	2016364.19452
BuildProj[Oahu_CentralTrackingPV_683_na,2037]	2012546.29735
BuildProj[Oahu_CentralTrackingPV_344_na,2037]	2012786.13775
BuildProj[Oahu_CentralTrackingPV_170_na,2021]	5265575.02096
BuildProj[Oahu_CentralTrackingPV_670_na,2037]	2011216.44727
BuildProj[Oahu_CentralTrackingPV_625_na,2021]	5259495.84924
BuildProj[Oahu_CentralTrackingPV_674_na,2037]	2011551.16277
BuildProj[Oahu_CentralTrackingPV_202_na,2021]	5248050.14554
BuildProj[Oahu_CentralTrackingPV_72_na,2037]	2019119.68591
BuildProj[Oahu_CentralTrackingPV_395_na,2021]	5252576.85773
BuildProj[Oahu_CentralTrackingPV_247_na,2021]	5252444.68563
BuildProj[Oahu_CentralTrackingPV_241_na,2021]	5248410.60935
BuildProj[Oahu_CentralTrackingPV_731_na,2021]	5256944.60762
BuildProj[Oahu_CentralTrackingPV_298_na,2037]	2023018.58118
BuildProj[Oahu_CentralTrackingPV_271_na,2037]	2013848.52254
BuildProj[Oahu_CentralTrackingPV_168_na,2021]	5263551.39435
BuildProj[Oahu_CentralTrackingPV_283_na,2021]	5253188.28256
BuildProj[Oahu_CentralTrackingPV_561_na,2021]	5235383.10529
BuildProj[Oahu_CentralTrackingPV_301_na,2037]	2024388.73413
BuildProj[Oahu_CentralTrackingPV_642_na,2021]	5242923.11914
BuildProj[Oahu_CentralTrackingPV_417_na,2021]	5240174.9194
BuildProj[Oahu_CentralTrackingPV_634_na,2021]	5244770.29279
BuildProj[Oahu_CentralTrackingPV_323_na,2037]	2017593.52659
BuildProj[Oahu_CentralTrackingPV_183_na,2037]	2017059.66889
BuildProj[Oahu_CentralTrackingPV_390_na,2021]	5246654.86574
BuildProj[Oahu_CentralTrackingPV_677_na,2037]	2012108.03119
BuildProj[Oahu_CentralTrackingPV_468_na,2037]	2024448.03189
BuildProj[Oahu_CentralTrackingPV_649_na,2021]	5251442.97396
BuildProj[Oahu_CentralTrackingPV_399_na,2021]	5257010.61084
BuildProj[Oahu_CentralTrackingPV_282_na,2037]	2016124.74613
BuildProj[Oahu_CentralTrackingPV_359_na,2037]	2016877.79077
BuildProj[Oahu_Wind_409_na,2037]	2543292.67487
BuildProj[Oahu_CentralTrackingPV_197_na,2037]	2015264.36708
BuildProj[Oahu_Wind_304_na,2037]	2546109.61724
BuildProj[Oahu_CentralTrackingPV_689_na,2037]	2014044.54804
BuildProj[Oahu_CentralTrackingPV_675_na,2021]	5239876.70956
BuildProj[Oahu_CentralTrackingPV_623_na,2021]	5256859.23897
BuildProj[Oahu_CentralTrackingPV_315_na,2021]	5247232.17475
BuildProj[Oahu_CentralTrackingPV_128_na,2021]	5253548.04729
BuildProj[Oahu_CentralTrackingPV_127_na,2037]	2017015.07461
BuildProj[Oahu_CentralTrackingPV_122_na,2037]	2021838.44522
BuildProj[Oahu_CentralTrackingPV_361_na,2037]	2017690.70805
BuildProj[Oahu_CentralTrackingPV_647_na,2021]	5248960.70491
BuildProj[Oahu_CentralTrackingPV_313_na,2021]	5245975.87793
BuildProj[Oahu_CentralTrackingPV_15_na,2037]	2025688.24851
BuildProj[Oahu_CentralTrackingPV_12_na,2037]	2023031.03051
BuildProj[Oahu_Wind_302_na,2037]	2542054.28182
BuildProj[Oahu_CentralTrackingPV_269_na,2021]	5245388.57991
BuildProj[Oahu_CentralTrackingPV_151_na,2021]	5266421.6238
BuildProj[Oahu_CentralTrackingPV_503_na,2021]	5236589.78502
BuildProj[Oahu_CentralTrackingPV_635_na,2021]	5247263.53699
BuildProj[Oahu_CentralTrackingPV_475_na,2021]	5237861.73098
BuildProj[Oahu_CentralTrackingPV_481_na,2037]	2012483.40851
BuildProj[Oahu_CentralTrackingPV_152_na,2037]	2022275.21054
BuildProj[Oahu_CentralTrackingPV_402_na,2037]	2019611.05214
BuildProj[Oahu_CentralTrackingPV_181_na,2037]	2015626.84668
BuildProj[Oahu_CentralTrackingPV_160_na,2037]	2015852.83052
BuildProj[Oahu_CentralTrackingPV_164_na,2037]	2019333.39149
BuildProj[Oahu_CentralTrackingPV_295_na,2037]	2021676.7341
BuildProj[Oahu_CentralTrackingPV_325_na,2021]	5257352.95558
BuildProj[Oahu_CentralTrackingPV_195_na,2037]	2022482.25516
BuildProj[Oahu_CentralTrackingPV_191_na,2037]	2020848.77381
BuildProj[Oahu_CentralTrackingPV_251_na,2021]	5257946.7395
BuildProj[Oahu_Wind_406_na,2021]	6613211.7432
BuildProj[Oahu_CentralTrackingPV_306_na,2037]	2013301.61117
BuildProj[Oahu_CentralTrackingPV_613_na,2037]	2019182.03034
BuildProj[Oahu_CentralTrackingPV_138_na,2037]	2021848.13752
BuildProj[Oahu_CentralTrackingPV_76_na,2037]	2019991.77052
BuildProj[Oahu_CentralTrackingPV_383_na,2037]	2012322.18714
BuildProj[Oahu_CentralTrackingPV_727_na,2021]	5258834.7354
BuildProj[Oahu_CentralTrackingPV_203_na,2037]	2014864.5491
BuildProj[Oahu_CentralTrackingPV_386_na,2037]	2013122.21805
BuildProj[Oahu_CentralTrackingPV_69_na,2037]	2018936.26164
BuildProj[Oahu_Wind_401_na,2021]	6622457.19417
BuildProj[Oahu_CentralTrackingPV_652_na,2037]	2011146.83665
BuildProj[Oahu_CentralTrackingPV_697_na,2021]	5247074.74949
BuildProj[Oahu_CentralTrackingPV_180_na,2021]	5249604.95599
BuildProj[Oahu_CentralTrackingPV_482_na,2037]	2012847.16678
BuildProj[Oahu_CentralTrackingPV_340_na,2021]	5243691.01932
BuildProj[Oahu_CentralTrackingPV_200_na,2021]	5248274.08878
BuildProj[Oahu_CentralTrackingPV_154_na,2037]	2023075.11384
BuildProj[Oahu_CentralTrackingPV_310_na,2037]	2013522.68959
BuildProj[Oahu_Wind_407_na,2037]	2541271.99082
BuildProj[Oahu_CentralTrackingPV_56_na,2021]	5260522.64506
BuildProj[Oahu_CentralTrackingPV_720_na,2037]	2017084.78464
BuildProj[Oahu_Wind_209_na,2037]	2533604.25183
BuildProj[Oahu_CentralTrackingPV_456_na,2037]	2014334.60438
BuildProj[Oahu_CentralTrackingPV_81_na,2021]	5268385.13443
BuildProj[Oahu_CentralTrackingPV_635_na,2037]	2014531.64097
BuildProj[Oahu_CentralTrackingPV_556_na,2037]	2023993.73111
BuildProj[Oahu_CentralTrackingPV_690_na,2037]	2013979.35831
BuildProj[Oahu_CentralTrackingPV_422_na,2037]	2012435.07489
BuildProj[Oahu_CentralTrackingPV_77_na,2037]	2020197.91003
BuildProj[Oahu_CentralTrackingPV_594_na,2037]	2020776.79076
BuildProj[Oahu_CentralTrackingPV_587_na,2021]	5271537.32695
BuildProj[Oahu_CentralTrackingPV_153_na,2021]	5268473.07265
BuildProj[Oahu_CentralTrackingPV_718_na,2037]	2017247.0855
BuildProj[Oahu_CentralTrackingPV_148_na,2037]	2020760.70388
BuildProj[Oahu_CentralTrackingPV_27_na,2021]	5267411.95288
BuildProj[Oahu_CentralTrackingPV_536_na,2037]	2024086.58001
BuildProj[Oahu_CentralTrackingPV_149_na,2021]	5264442.24088
BuildProj[Oahu_CentralTrackingPV_348_na,2037]	2013024.09751
BuildProj[Oahu_CentralTrackingPV_701_na,2037]	2014969.34831
BuildProj[Oahu_CentralTrackingPV_465_na,2037]	2018718.09355
BuildProj[Oahu_CentralTrackingPV_199_na,2021]	5248500.28072
BuildProj[Oahu_CentralTrackingPV_228_na,2037]	2023066.87526
BuildProj[Oahu_CentralTrackingPV_423_na,2021]	5242439.16842
BuildProj[Oahu_CentralTrackingPV_534_na,2021]	5269573.52465
BuildProj[Oahu_CentralTrackingPV_186_na,2021]	5258807.50752
BuildProj[Oahu_CentralTrackingPV_194_na,2021]	5266889.73139
BuildProj[Oahu_CentralTrackingPV_416_na,2037]	2011900.12708
BuildProj[Oahu_CentralTrackingPV_209_na,2037]	2015641.91802
BuildProj[Oahu_SCCT,2021]	4003133.44578
BuildProj[Oahu_CentralTrackingPV_588_na,2021]	5272845.28187
BuildProj[Oahu_CentralTrackingPV_30_na,2037]	2024868.38263
BuildProj[Oahu_CentralTrackingPV_304_na,2021]	5244335.08534
BuildProj[Oahu_CentralTrackingPV_579_na,2021]	5236830.39545
BuildProj[Oahu_CentralTrackingPV_110_na,2021]	5268175.26253
BuildProj[Oahu_CentralTrackingPV_565_na,2037]	2011663.09923
BuildProj[Oahu_CentralTrackingPV_692_na,2037]	2013949.01311
BuildProj[Oahu_CentralTrackingPV_696_na,2037]	2014457.71983
BuildProj[Oahu_CentralTrackingPV_577_na,2021]	5231750.09786
BuildProj[Oahu_CentralTrackingPV_89_na,2037]	2018617.9363
BuildProj[Oahu_CentralTrackingPV_55_na,2037]	2019543.8781
BuildProj[Oahu_CentralTrackingPV_377_na,2037]	2024927.91435
BuildProj[Oahu_CentralTrackingPV_494_na,2037]	2023825.26335
BuildProj[Oahu_CentralTrackingPV_438_na,2037]	2019848.37535
BuildProj[Oahu_CentralTrackingPV_491_na,2021]	5255211.0868
BuildProj[Oahu_CentralTrackingPV_592_na,2021]	5236287.53396
BuildProj[Oahu_CentralTrackingPV_532_na,2037]	2013047.12799
BuildProj[Oahu_CentralTrackingPV_36_na,2021]	5266208.2016
BuildProj[Oahu_CentralTrackingPV_637_na,2021]	5253612.96665
BuildProj[Oahu_Wind_403_na,2037]	2547656.25049
BuildProj[Oahu_Wind_306_na,2021]	6617692.43828
BuildProj[Oahu_CentralTrackingPV_725_na,2037]	2017658.81361
BuildProj[Oahu_CentralTrackingPV_426_na,2021]	5245678.54835
BuildProj[Oahu_CentralTrackingPV_289_na,2021]	5259197.01638
BuildProj[Oahu_CentralTrackingPV_723_na,2021]	5255928.83934
BuildProj[Oahu_CentralTrackingPV_443_na,2037]	2024114.21842
BuildProj[Oahu_CentralTrackingPV_632_na,2037]	2012640.54663
BuildProj[Oahu_CentralTrackingPV_235_na,2021]	5246721.40428
BuildProj[Oahu_CentralTrackingPV_429_na,2021]	5249657.78799
BuildProj[Oahu_CentralTrackingPV_334_na,2021]	5267600.03067
BuildProj[Oahu_CentralTrackingPV_693_na,2021]	5247544.70559
BuildProj[Oahu_Wind_105_na,2021]	6617036.03118
BuildProj[Oahu_CentralTrackingPV_387_na,2021]	5244268.57746
BuildProj[Oahu_CentralTrackingPV_150_na,2037]	2021505.26255
BuildProj[Oahu_CentralTrackingPV_205_na,2021]	5248521.65421
BuildProj[Oahu_CentralTrackingPV_57_na,2037]	2019717.99411
BuildProj[Oahu_CentralTrackingPV_581_na,2037]	2011450.23186
BuildProj[Oahu_CentralTrackingPV_665_na,2037]	2011868.20045
BuildProj[Oahu_CentralTrackingPV_233_na,2037]	2014352.49592
BuildProj[Oahu_CentralTrackingPV_669_na,2037]	2016044.09861
BuildProj[Oahu_CentralTrackingPV_167_na,2037]	2020409.84729
BuildProj[Oahu_CentralTrackingPV_523_na,2021]	5234955.516
BuildProj[Oahu_Wind_402_na,2021]	6627976.6577
BuildProj[Oahu_CentralTrackingPV_62_na,2037]	2020463.28214
BuildProj[Oahu_CentralTrackingPV_480_na,2021]	5241047.21943
BuildProj[Oahu_CentralTrackingPV_470_na,2037]	2025426.68981
BuildProj[Oahu_CentralTrackingPV_590_na,2037]	2007875.1848
BuildProj[Oahu_Wind_503_na,2037]	2538961.89966
BuildProj[Oahu_CentralTrackingPV_431_na,2037]	2016281.82534
BuildProj[Oahu_CentralTrackingPV_296_na,2037]	2022118.76353
BuildProj[Oahu_CentralTrackingPV_658_na,2037]	2013554.37292
BuildProj[Oahu_CentralTrackingPV_82_na,2021]	5269231.76065
BuildProj[Oahu_CentralTrackingPV_35_na,2037]	2021418.78548
BuildProj[Oahu_CentralTrackingPV_512_na,2037]	2013322.31078
BuildProj[Oahu_CentralTrackingPV_371_na,2021]	5267028.51432
BuildProj[Oahu_CentralTrackingPV_280_na,2021]	5249797.71484
BuildProj[Oahu_CentralTrackingPV_107_na,2037]	2021534.15674
BuildProj[Oahu_CentralTrackingPV_643_na,2021]	5244094.07647
BuildProj[Oahu_CentralTrackingPV_46_na,2037]	2020599.78362
BuildProj[Oahu_CentralTrackingPV_32_na,2021]	5263666.45881
BuildProj[Oahu_CentralTrackingPV_447_na,2021]	5240570.81842
BuildProj[Oahu_CentralTrackingPV_166_na,2021]	5261619.27514
BuildProj[Oahu_CentralTrackingPV_312_na,2037]	2013836.62856
BuildProj[Oahu_CentralTrackingPV_639_na,2021]	5239542.08009
BuildProj[Oahu_CentralTrackingPV_562_na,2021]	5236405.19401
BuildProj[Oahu_CentralTrackingPV_67_na,2021]	5271106.31408
BuildProj[Oahu_Wind_303_na,2037]	2545801.83007
BuildProj[Oahu_CentralTrackingPV_279_na,2037]	2015223.0119
BuildProj[Oahu_CentralTrackingPV_356_na,2037]	2015721.44162
BuildProj[Oahu_Wind_405_na,2037]	2533013.91742
BuildProj[Oahu_CentralTrackingPV_478_na,2037]	2011545.16368
BuildProj[Oahu_CentralTrackingPV_19_na,2037]	2022553.8164
BuildProj[Oahu_CentralTrackingPV_724_na,2021]	5255639.40846
BuildProj[Oahu_CentralTrackingPV_398_na,2021]	5255879.92911
BuildProj[Oahu_CentralTrackingPV_249_na,2037]	2017886.17023
BuildProj[Oahu_CentralTrackingPV_655_na,2021]	5241401.86697
BuildProj[Oahu_Wind_408_na,2021]	6631026.09061
BuildProj[Oahu_CentralTrackingPV_698_na,2021]	5249141.44077
BuildProj[Oahu_CentralTrackingPV_316_na,2021]	5247955.72332
BuildProj[Oahu_CentralTrackingPV_454_na,2037]	2013564.62946
BuildProj[Oahu_Wind_308_na,2021]	6608560.60642
BuildProj[Oahu_CentralTrackingPV_460_na,2037]	2016446.75967
BuildProj[Oahu_CentralTrackingPV_147_na,2021]	5262556.84114
BuildProj[Oahu_Wind_305_na,2037]	2542558.33763
BuildProj[Oahu_CentralTrackingPV_268_na,2037]	2013844.27689
BuildProj[Oahu_CentralTrackingPV_507_na,2021]	5239173.98262
BuildProj[Oahu_CentralTrackingPV_37_na,2037]	2023560.36909
BuildProj[Oahu_CentralTrackingPV_477_na,2037]	2011296.38769
BuildProj[Oahu_CentralTrackingPV_163_na,2021]	5258891.69225
BuildProj[Oahu_CentralTrackingPV_354_na,2021]	5246861.23301
BuildProj[Oahu_CentralTrackingPV_597_na,2037]	2022285.54398
BuildProj[Oahu_CentralTrackingPV_308_na,2037]	2013341.01964
BuildProj[Oahu_CentralTrackingPV_336_na,2037]	2023252.75116
BuildProj[Oahu_CentralTrackingPV_705_na,2021]	5249955.11865
BuildProj[Oahu_CentralTrackingPV_119_na,2021]	5263629.7777
BuildProj[Oahu_CentralTrackingPV_660_na,2037]	2014907.68597
BuildProj[Oahu_CentralTrackingPV_198_na,2021]	5248799.02005
BuildProj[Oahu_CentralTrackingPV_352_na,2021]	5245404.44022
BuildProj[Oahu_CentralTrackingPV_126_na,2037]	2017108.74946
BuildProj[Oahu_CentralTrackingPV_182_na,2037]	2016792.32007
BuildProj[Oahu_CentralTrackingPV_710_na,2021]	5251273.5971
BuildProj[Oahu_CentralTrackingPV_321_na,2037]	2016817.18597
BuildProj[Oahu_CentralTrackingPV_172_na,2037]	2022365.28444
BuildProj[Oahu_CentralTrackingPV_686_na,2037]	2013046.71277
BuildProj[Oahu_CentralTrackingPV_340_na,2037]	2013160.07847
BuildProj[Oahu_CentralTrackingPV_293_na,2021]	5263591.14521
BuildProj[Oahu_CentralTrackingPV_679_na,2021]	5241138.46476
BuildProj[Oahu_CentralTrackingPV_263_na,2021]	5271146.95913
BuildProj[Oahu_CentralTrackingPV_118_na,2037]	2017524.52497
BuildProj[Oahu_CentralTrackingPV_192_na,2037]	2021247.04683
BuildProj[Oahu_CentralTrackingPV_515_na,2021]	5252255.02096
BuildProj[Oahu_CentralTrackingPV_355_na,2037]	2014686.94732
BuildProj[Oahu_CentralTrackingPV_48_na,2037]	2020937.37625
BuildProj[Oahu_CentralTrackingPV_161_na,2037]	2015853.9853
BuildProj[Oahu_CentralTrackingPV_391_na,2037]	2014644.95797
BuildProj[Oahu_CentralTrackingPV_489_na,2021]	5252803.60128
BuildProj[Oahu_CentralTrackingPV_617_na,2037]	2017164.83123
BuildProj[Oahu_CentralTrackingPV_603_na,2021]	5263420.0731
BuildProj[Oahu_CentralTrackingPV_620_na,2037]	2019699.48645
BuildProj[Oahu_Wind_301_na,2037]	2534936.87078
BuildProj[Oahu_CentralTrackingPV_243_na,2037]	2015405.3174
BuildProj[Oahu_CentralTrackingPV_567_na,2037]	2012584.31738
BuildProj[Oahu_CentralTrackingPV_256_na,2021]	5263202.8418
BuildProj[Oahu_CentralTrackingPV_506_na,2037]	2011119.3471
BuildProj[Oahu_CentralTrackingPV_382_na,2037]	2012278.14013
BuildProj[Oahu_CentralTrackingPV_568_na,2021]	5265186.04303
BuildProj[Oahu_CentralTrackingPV_184_na,2021]	5254580.60173
BuildProj[Oahu_CentralTrackingPV_187_na,2021]	5259739.49529
BuildProj[Oahu_CentralTrackingPV_616_na,2021]	5227272.37516
BuildProj[Oahu_CentralTrackingPV_585_na,2021]	5268922.88211
BuildProj[Oahu_CentralTrackingPV_2_na,2037]	2024163.52269
BuildProj[Oahu_CentralTrackingPV_110_na,2037]	2022560.07949
BuildProj[Oahu_CentralTrackingPV_98_na,2021]	5270044.5065
BuildProj[Oahu_Kawailoa_1,2012]	14551652.9684
BuildProj[Oahu_CentralTrackingPV_463_na,2037]	2017795.28359
BuildProj[Oahu_CentralTrackingPV_337_na,2021]	5271179.60155
BuildProj[Oahu_CentralTrackingPV_458_na,2037]	2015575.62692
BuildProj[Oahu_CentralTrackingPV_642_na,2037]	2012865.26591
BuildProj[Oahu_CentralTrackingPV_90_na,2021]	5258177.18358
BuildProj[Oahu_CentralTrackingPV_484_na,2021]	5244895.38235
BuildProj[Oahu_CentralTrackingPV_214_na,2021]	5253501.43472
BuildProj[Oahu_CentralTrackingPV_555_na,2037]	2023495.92497
BuildProj[Oahu_CentralTrackingPV_418_na,2037]	2011765.96901
BuildProj[Oahu_CentralTrackingPV_105_na,2021]	5256883.52175
BuildProj[Oahu_CentralTrackingPV_702_na,2037]	2014999.77859
BuildProj[Oahu_CentralTrackingPV_487_na,2021]	5250457.8495
BuildProj[Oahu_CentralTrackingPV_508_na,2037]	2011765.51122
BuildProj[Oahu_CentralTrackingPV_504_na,2037]	2010615.20693
BuildProj[Oahu_CentralTrackingPV_253_na,2021]	5259995.53594
BuildProj[Oahu_CentralTrackingPV_453_na,2021]	5242083.81445
BuildProj[Oahu_CentralTrackingPV_379_na,2037]	2012399.18671
BuildProj[Oahu_CentralTrackingPV_262_na,2021]	5269985.056
BuildProj[Oahu_CentralTrackingPV_715_na,2021]	5252593.18462
BuildProj[Oahu_CentralTrackingPV_464_na,2021]	5256954.58447
BuildProj[Oahu_CentralTrackingPV_41_na,2021]	5261636.53122
BuildProj[Oahu_Wind_309_na,2021]	6618495.46745
BuildProj[Oahu_CentralTrackingPV_602_na,2037]	2007823.18088
BuildProj[Oahu_CentralTrackingPV_647_na,2037]	2015183.21839
BuildProj[Oahu_CentralTrackingPV_356_na,2021]	5250362.6184
BuildProj[Oahu_CentralTrackingPV_303_na,2037]	2013512.10633
BuildProj[Oahu_CentralTrackingPV_144_na,2037]	2016363.12787
BuildProj[Oahu_CentralTrackingPV_469_na,2021]	5274358.96095
BuildProj[Oahu_CentralTrackingPV_499_na,2037]	2011092.17749
BuildProj[Oahu_CentralTrackingPV_104_na,2037]	2018116.91659
BuildProj[Oahu_CentralTrackingPV_707_na,2021]	5249743.26333
BuildProj[Oahu_CentralTrackingPV_420_na,2037]	2012045.96579
BuildProj[Oahu_CentralTrackingPV_633_na,2021]	5243547.00756
BuildProj[Oahu_CentralTrackingPV_541_na,2037]	2009477.44139
BuildProj[Oahu_CentralTrackingPV_476_na,2021]	5238286.96243
BuildProj[Oahu_CentralTrackingPV_105_na,2037]	2018224.94959
BuildProj[Oahu_CentralTrackingPV_629_na,2037]	2017351.97656
BuildProj[Oahu_CentralTrackingPV_232_na,2037]	2014414.73672
BuildProj[Oahu_CentralTrackingPV_573_na,2021]	5271704.66523
BuildProj[Oahu_CentralTrackingPV_91_na,2037]	2018988.21983
BuildProj[Oahu_CentralTrackingPV_666_na,2037]	2012222.18374
BuildProj[Oahu_CentralTrackingPV_276_na,2037]	2014502.12125
BuildProj[Oahu_Wind_102_na,2037]	2536148.28638
BuildProj[Oahu_CentralTrackingPV_490_na,2021]	5254008.74891
BuildProj[Oahu_Wind_307_na,2037]	2533743.40596
BuildProj[Oahu_CentralTrackingPV_345_na,2037]	2012788.05986
BuildProj[Oahu_DistPV_peak_1_na,2037]	2051275.07018
BuildProj[Oahu_CentralTrackingPV_211_na,2037]	2016098.33798
BuildProj[Oahu_CentralTrackingPV_570_na,2021]	5267784.80469
BuildProj[Oahu_CentralTrackingPV_292_na,2021]	5262473.98434
BuildProj[Oahu_CentralTrackingPV_84_na,2037]	2023645.42484
BuildProj[Oahu_CentralTrackingPV_502_na,2021]	5236256.79028
BuildProj[Oahu_CentralTrackingPV_21_na,2037]	2024976.04525
BuildProj[Oahu_CCCT,2021]	5613078.11114
BuildProj[Oahu_CentralTrackingPV_552_na,2037]	2021999.76765
BuildProj[Oahu_CentralTrackingPV_708_na,2021]	5251738.74295
BuildProj[Oahu_CentralTrackingPV_598_na,2021]	5268785.59701
BuildProj[Oahu_CentralTrackingPV_115_na,2037]	2017384.6656
BuildProj[Oahu_CentralTrackingPV_546_na,2021]	5239330.50597
BuildProj[Oahu_CentralTrackingPV_226_na,2037]	2022201.99298
BuildProj[Oahu_CentralTrackingPV_156_na,2021]	5251716.7395
BuildProj[Oahu_CentralTrackingPV_47_na,2021]	5263490.83782
BuildProj[Oahu_CentralTrackingPV_169_na,2037]	2021171.92406
BuildProj[Oahu_CentralTrackingPV_401_na,2021]	5259325.40758
BuildProj[Oahu_CentralTrackingPV_510_na,2037]	2012510.12262
BuildProj[Oahu_CentralTrackingPV_68_na,2037]	2024020.1469
BuildProj[Oahu_CentralTrackingPV_360_na,2037]	2017280.18161
BuildProj[Oahu_CentralTrackingPV_636_na,2021]	5248530.12867
BuildProj[Oahu_CentralTrackingPV_627_na,2037]	2018272.80692
BuildProj[Oahu_CentralTrackingPV_405_na,2037]	2020984.03061
BuildProj[Oahu_CentralTrackingPV_234_na,2037]	2014322.03111
BuildProj[Oahu_CentralTrackingPV_409_na,2037]	2023324.6537
BuildProj[Oahu_CentralTrackingPV_63_na,2037]	2020662.66756
BuildProj[Oahu_CentralTrackingPV_374_na,2037]	2023511.57184
BuildProj[Oahu_CentralTrackingPV_171_na,2021]	5266607.60313
BuildProj[Oahu_CentralTrackingPV_65_na,2021]	5269419.70083
BuildProj[Oahu_CentralTrackingPV_538_na,2021]	5274749.44821
BuildProj[Oahu_CentralTrackingPV_290_na,2021]	5260269.38652
BuildProj[Oahu_Waiau_W5,1959]	2943755.29033
BuildProj[Oahu_CentralTrackingPV_474_na,2021]	5237411.00371
BuildProj[Oahu_CentralTrackingPV_678_na,2037]	2012047.61856
BuildProj[Oahu_CentralTrackingPV_528_na,2037]	2011408.40237
BuildProj[Oahu_CentralTrackingPV_121_na,2021]	5265386.36667
BuildProj[Oahu_CentralTrackingPV_632_na,2021]	5242337.7914
BuildProj[Oahu_CentralTrackingPV_495_na,2037]	2024313.99063
BuildProj[Oahu_CentralTrackingPV_324_na,2021]	5256279.66868
BuildProj[Oahu_CentralTrackingPV_259_na,2021]	5266542.6472
BuildProj[Oahu_CentralTrackingPV_75_na,2021]	5260995.81565
BuildProj[Oahu_Wind_203_na,2037]	2535438.88336
BuildProj[Oahu_CentralTrackingPV_71_na,2021]	5259002.28361
BuildProj[Oahu_CentralTrackingPV_729_na,2021]	5257930.3211
BuildProj[Oahu_CentralTrackingPV_569_na,2021]	5266484.89206
BuildProj[Oahu_CentralTrackingPV_3_na,2021]	5272833.63448
BuildProj[Oahu_CentralTrackingPV_319_na,2021]	5251308.24528
BuildProj[Oahu_CentralTrackingPV_273_na,2037]	2014018.32871
BuildProj[Oahu_CentralTrackingPV_626_na,2021]	5255704.39342
BuildProj[Oahu_CentralTrackingPV_165_na,2037]	2019681.357
BuildProj[Oahu_CentralTrackingPV_532_na,2021]	5243396.81649
BuildProj[Oahu_CentralTrackingPV_596_na,2021]	5266149.83272
BuildProj[Oahu_CentralTrackingPV_563_na,2037]	2010782.31127
BuildProj[Oahu_CentralTrackingPV_501_na,2021]	5236084.35126
BuildProj[Oahu_CentralTrackingPV_549_na,2021]	5242753.22495
BuildProj[Oahu_CentralTrackingPV_83_na,2037]	2023303.2844
BuildProj[Oahu_CentralTrackingPV_84_na,2021]	5271002.26853
BuildProj[Oahu_CentralTrackingPV_644_na,2037]	2013771.41289
BuildProj[Oahu_CentralTrackingPV_403_na,2037]	2020063.5649
BuildProj[Oahu_CentralTrackingPV_662_na,2037]	2015839.57944
BuildProj[Oahu_CentralTrackingPV_368_na,2021]	5263454.83853
BuildProj[Oahu_CentralTrackingPV_488_na,2037]	2016205.66717
BuildProj[Oahu_CentralTrackingPV_193_na,2037]	2021651.58083
BuildProj[Oahu_CentralTrackingPV_656_na,2021]	5242472.22803
BuildProj[Oahu_CentralTrackingPV_410_na,2021]	5271413.75188
BuildProj[Oahu_CentralTrackingPV_177_na,2021]	5249804.71093
BuildProj[Oahu_CentralTrackingPV_240_na,2037]	2014793.31768
BuildProj[Oahu_Wind_301_na,2021]	6602766.39003
BuildProj[Oahu_CentralTrackingPV_472_na,2021]	5239420.26748
BuildProj[Oahu_CentralTrackingPV_79_na,2021]	5266757.1107
BuildProj[Oahu_CentralTrackingPV_385_na,2021]	5242998.149
BuildProj[Oahu_CentralTrackingPV_111_na,2037]	2022917.49725
BuildProj[Oahu_CentralTrackingPV_671_na,2037]	2011422.17721
BuildProj[Oahu_CentralTrackingPV_210_na,2021]	5250718.77407
BuildProj[Oahu_CentralTrackingPV_424_na,2037]	2012956.1613
BuildProj[Oahu_CentralTrackingPV_650_na,2037]	2016622.19171
BuildProj[Oahu_CentralTrackingPV_174_na,2037]	2015910.63477
BuildProj[Oahu_CentralTrackingPV_325_na,2037]	2018405.17483
BuildProj[Oahu_CentralTrackingPV_288_na,2037]	2018708.30806
BuildProj[Oahu_CentralTrackingPV_413_na,2021]	5275138.83948
BuildProj[Oahu_CentralTrackingPV_630_na,2021]	5255917.3047
BuildProj[Oahu_CentralTrackingPV_517_na,2021]	5271147.83327
BuildProj[Oahu_CentralTrackingPV_74_na,2021]	5260543.9961
BuildProj[Oahu_Wind_404_na,2037]	2537468.87453
BuildProj[Oahu_CentralTrackingPV_448_na,2037]	2011734.18435
BuildProj[Oahu_CentralTrackingPV_18_na,2037]	2022377.88817
BuildProj[Oahu_CentralTrackingPV_651_na,2021]	5253966.42499
BuildProj[Oahu_CentralTrackingPV_23_na,2037]	2025585.13148
BuildProj[Oahu_CentralTrackingPV_373_na,2021]	5269439.05526
BuildProj[Oahu_CentralTrackingPV_178_na,2021]	5249378.96712
BuildProj[Oahu_CentralTrackingPV_267_na,2021]	5245901.22836
BuildProj[Oahu_CentralTrackingPV_129_na,2021]	5253423.98927
BuildProj[Oahu_CentralTrackingPV_10_na,2021]	5268552.8671
BuildProj[Oahu_CentralTrackingPV_610_na,2021]	5263356.2708
BuildProj[Oahu_CentralTrackingPV_558_na,2037]	2024996.1398
BuildProj[Oahu_CentralTrackingPV_342_na,2037]	2012899.96832
BuildProj[Oahu_CentralTrackingPV_212_na,2037]	2016355.56677
BuildProj[Oahu_CentralTrackingPV_342_na,2021]	5243013.50875
BuildProj[Oahu_CentralTrackingPV_39_na,2021]	5273156.43231
BuildProj[Oahu_CentralTrackingPV_521_na,2037]	2025679.3281
BuildProj[Oahu_CentralTrackingPV_254_na,2037]	2019822.12935
BuildProj[Oahu_CentralTrackingPV_331_na,2021]	5264079.59142
BuildProj[Oahu_CentralTrackingPV_608_na,2021]	5260710.83218
BuildProj[Oahu_CentralTrackingPV_109_na,2021]	5267254.95697
BuildProj[Oahu_CentralTrackingPV_419_na,2021]	5240435.88213
BuildProj[Oahu_CentralTrackingPV_621_na,2037]	2017204.10042
BuildProj[Oahu_CentralTrackingPV_125_na,2021]	5254641.74632
BuildProj[Oahu_CentralTrackingPV_673_na,2037]	2012253.22653
BuildProj[Oahu_CentralTrackingPV_717_na,2037]	2017363.15934
BuildProj[Oahu_CentralTrackingPV_713_na,2037]	2016747.8545
BuildProj[Oahu_CentralTrackingPV_137_na,2037]	2021478.29506
BuildProj[Oahu_CentralTrackingPV_712_na,2021]	5253352.54877
BuildProj[Oahu_CentralTrackingPV_363_na,2021]	5257698.14919
BuildProj[Oahu_CentralTrackingPV_29_na,2021]	5273383.71133
BuildProj[Oahu_CentralTrackingPV_519_na,2021]	5273713.26254
BuildProj[Oahu_Wind_206_na,2037]	2546684.24454
BuildProj[Oahu_CentralTrackingPV_221_na,2021]	5261850.19487
BuildProj[Oahu_Wind_501_na,2021]	6634518.20418
BuildProj[Oahu_CentralTrackingPV_428_na,2021]	5247599.03914
BuildProj[Oahu_Wind_506_na,2021]	6637381.64607
BuildProj[Oahu_CentralTrackingPV_557_na,2037]	2024491.94548
BuildProj[Oahu_CentralTrackingPV_365_na,2021]	5259966.58531
BuildProj[Oahu_CentralTrackingPV_584_na,2021]	5267601.80787
BuildProj[Oahu_CentralTrackingPV_217_na,2021]	5257870.30256
BuildProj[Oahu_CentralTrackingPV_358_na,2037]	2016480.12831
BuildProj[Oahu_CentralTrackingPV_287_na,2037]	2018306.60524
BuildProj[Oahu_CentralTrackingPV_451_na,2021]	5240629.52834
BuildProj[Oahu_CentralTrackingPV_189_na,2037]	2020068.88942
BuildProj[Oahu_CentralTrackingPV_13_na,2037]	2023213.40199
BuildProj[Oahu_CentralTrackingPV_425_na,2021]	5244788.11011
BuildProj[Oahu_CentralTrackingPV_139_na,2037]	2022221.50482
BuildProj[Oahu_CentralTrackingPV_466_na,2037]	2019649.11195
BuildProj[Oahu_CentralTrackingPV_473_na,2037]	2011272.62364
BuildProj[Oahu_CentralTrackingPV_444_na,2021]	5273476.27086
BuildProj[Oahu_Reciprocating,2021]	3658947.65313
BuildProj[Oahu_CentralTrackingPV_404_na,2021]	5262873.82812
BuildProj[Oahu_CentralTrackingPV_343_na,2037]	2012823.5817
BuildProj[Oahu_CentralTrackingPV_316_na,2037]	2014797.38543
BuildProj[Oahu_CentralTrackingPV_622_na,2037]	2017712.58706
BuildProj[Oahu_CentralTrackingPV_454_na,2021]	5244744.75591
BuildProj[Oahu_CentralTrackingPV_265_na,2021]	5246655.78346
BuildProj[Oahu_CentralTrackingPV_518_na,2037]	2024193.41578
BuildProj[Oahu_CentralTrackingPV_583_na,2037]	2021838.60582
BuildProj[Oahu_CentralTrackingPV_99_na,2037]	2017958.99196
BuildProj[Oahu_CentralTrackingPV_646_na,2021]	5247718.80605
BuildProj[Oahu_CentralTrackingPV_381_na,2021]	5241388.31746
BuildProj[Oahu_CentralTrackingPV_364_na,2037]	2018968.03275
BuildProj[Oahu_CentralTrackingPV_682_na,2037]	2012800.72769
BuildProj[Oahu_CentralTrackingPV_266_na,2037]	2014137.70911
BuildProj[Oahu_CentralTrackingPV_628_na,2021]	5243084.05214
BuildProj[Oahu_CentralTrackingPV_520_na,2021]	5275013.05599
BuildProj[Oahu_CentralTrackingPV_333_na,2021]	5266408.74971
BuildProj[Oahu_Wind_204_na,2037]	2541067.71869
BuildProj[Oahu_CentralTrackingPV_308_na,2021]	5244162.31796
BuildProj[Oahu_CentralTrackingPV_59_na,2021]	5261416.31338
BuildProj[Oahu_CentralTrackingPV_582_na,2021]	5264990.94428
BuildProj[Oahu_CentralTrackingPV_73_na,2037]	2019475.87929
BuildProj[Oahu_CentralTrackingPV_329_na,2021]	5261779.24406
BuildProj[Oahu_CentralTrackingPV_421_na,2021]	5241251.00674
BuildProj[Oahu_AES_GEN1,1992]	3587218.09071
BuildProj[Oahu_CentralTrackingPV_11_na,2037]	2022860.17618
BuildProj[Oahu_CentralTrackingPV_566_na,2021]	5240974.73857
BuildProj[Oahu_CentralTrackingPV_236_na,2021]	5246807.05184
BuildProj[Oahu_CentralTrackingPV_497_na,2021]	5275310.75645
BuildProj[Oahu_CentralTrackingPV_683_na,2021]	5242092.2997
BuildProj[Oahu_Wind_103_na,2037]	2543348.88264
BuildProj[Oahu_CentralTrackingPV_564_na,2021]	5238621.6152
BuildProj[Oahu_CentralTrackingPV_96_na,2037]	2022582.67467
BuildProj[Oahu_CentralTrackingPV_674_na,2021]	5239500.26624
BuildProj[Oahu_CentralTrackingPV_202_na,2037]	2014833.63605
BuildProj[Oahu_CentralTrackingPV_72_na,2021]	5259214.0472
BuildProj[Oahu_CentralTrackingPV_479_na,2021]	5240222.61201
BuildProj[Oahu_CentralTrackingPV_207_na,2037]	2015276.89808
BuildProj[Oahu_CentralTrackingPV_247_na,2037]	2016520.78975
BuildProj[Oahu_CentralTrackingPV_731_na,2037]	2018248.4017
BuildProj[Oahu_CentralTrackingPV_271_na,2021]	5245484.21404
BuildProj[Oahu_CentralTrackingPV_168_na,2037]	2020784.88206
BuildProj[Oahu_CentralTrackingPV_370_na,2021]	5265820.26993
BuildProj[Oahu_CentralTrackingPV_283_na,2037]	2016806.2718
BuildProj[Oahu_CentralTrackingPV_590_na,2021]	5229925.42276
BuildProj[Oahu_CentralTrackingPV_595_na,2037]	2021279.55287
BuildProj[Oahu_CentralTrackingPV_530_na,2021]	5241184.2059
BuildProj[Oahu_CentralTrackingPV_229_na,2037]	2014779.7463
BuildProj[Oahu_CentralTrackingPV_561_na,2037]	2009970.50059
BuildProj[Oahu_CentralTrackingPV_16_na,2021]	5277106.671
BuildProj[Oahu_CentralTrackingPV_301_na,2021]	5272938.37104
BuildProj[Oahu_CentralTrackingPV_243_na,2021]	5249539.20762
BuildProj[Oahu_CentralTrackingPV_120_na,2021]	5264500.38731
BuildProj[Oahu_CentralTrackingPV_326_na,2037]	2018819.77245
BuildProj[Oahu_CentralTrackingPV_513_na,2037]	2013744.58855
BuildProj[Oahu_CentralTrackingPV_338_na,2021]	5272399.55368
BuildProj[Oahu_CentralTrackingPV_631_na,2021]	5239962.72544
BuildProj[Oahu_CentralTrackingPV_390_na,2037]	2014297.95964
BuildProj[Oahu_CentralTrackingPV_208_na,2037]	2015446.22142
BuildProj[Oahu_CentralTrackingPV_649_na,2037]	2016136.21218
BuildProj[Oahu_CentralTrackingPV_399_na,2037]	2018273.74169
BuildProj[Oahu_CentralTrackingPV_5_na,2021]	5273896.89833
BuildProj[Oahu_CentralTrackingPV_430_na,2037]	2015859.58207
BuildProj[Oahu_CentralTrackingPV_101_na,2037]	2017894.92257
BuildProj[Oahu_Wind_409_na,2021]	6624530.80675
BuildProj[Oahu_CentralTrackingPV_197_na,2021]	5249172.07342
BuildProj[Oahu_Wind_304_na,2021]	6631868.11468
BuildProj[Oahu_CentralTrackingPV_446_na,2021]	5276005.94902
BuildProj[Oahu_CentralTrackingPV_353_na,2021]	5246099.0175
BuildProj[Oahu_CentralTrackingPV_204_na,2037]	2014925.54377
BuildProj[Oahu_CentralTrackingPV_285_na,2021]	5255094.40421
BuildProj[Oahu_CentralTrackingPV_22_na,2037]	2025277.95293
BuildProj[Oahu_CentralTrackingPV_689_na,2021]	5245994.80291
BuildProj[Oahu_CentralTrackingPV_675_na,2037]	2011695.68705
BuildProj[Oahu_CentralTrackingPV_687_na,2037]	2013541.0043
BuildProj[Oahu_CentralTrackingPV_330_na,2037]	2020541.42217
BuildProj[Oahu_CentralTrackingPV_128_na,2037]	2016944.39282
BuildProj[Oahu_Honolulu_H9,1957]	0.0
BuildProj[Oahu_CentralTrackingPV_213_na,2037]	2016634.1549
BuildProj[Oahu_CentralTrackingPV_539_na,2021]	5276043.12644
BuildProj[Oahu_CentralTrackingPV_122_na,2021]	5266295.61708
BuildProj[Oahu_CentralTrackingPV_599_na,2021]	5270096.60509
BuildProj[Oahu_CentralTrackingPV_659_na,2037]	2013996.91199
BuildProj[Oahu_CentralTrackingPV_15_na,2021]	5276323.2245
BuildProj[Oahu_CentralTrackingPV_12_na,2021]	5269401.95167
BuildProj[Oahu_CentralTrackingPV_384_na,2021]	5242485.72835
BuildProj[Oahu_Wind_302_na,2021]	6621305.15639
BuildProj[Oahu_CentralTrackingPV_269_na,2037]	2013811.80665
BuildProj[Oahu_Kahuku_1,2011]	14512296.5228
BuildProj[Oahu_CentralTrackingPV_503_na,2037]	2010433.76958
BuildProj[Oahu_CentralTrackingPV_545_na,2037]	2011078.69022
BuildProj[Oahu_CentralTrackingPV_450_na,2037]	2011755.72864
BuildProj[Oahu_CentralTrackingPV_219_na,2021]	5259821.93156
BuildProj[Oahu_CentralTrackingPV_56_na,2037]	2019622.08335
BuildProj[Oahu_CentralTrackingPV_481_na,2021]	5241928.49272
BuildProj[Oahu_CentralTrackingPV_428_na,2037]	2014660.44709
BuildProj[Oahu_CentralTrackingPV_181_na,2021]	5250116.22636
BuildProj[Oahu_CentralTrackingPV_164_na,2021]	5259770.68751
BuildProj[Oahu_CentralTrackingPV_412_na,2021]	5273893.20839
BuildProj[Oahu_CentralTrackingPV_436_na,2037]	2018474.2642
BuildProj[Oahu_CentralTrackingPV_191_na,2021]	5263717.81359
BuildProj[Oahu_CentralTrackingPV_339_na,2037]	2024647.25476
BuildProj[Oahu_CentralTrackingPV_104_na,2021]	5256602.12749
BuildProj[Oahu_CentralTrackingPV_251_na,2037]	2018633.1406
BuildProj[Oahu_Wind_406_na,2037]	2538947.05519
BuildProj[Oahu_CentralTrackingPV_658_na,2021]	5244718.04063
BuildProj[Oahu_CentralTrackingPV_20_na,2037]	2022741.48405
BuildProj[Oahu_CentralTrackingPV_694_na,2037]	2014548.94069
BuildProj[Oahu_CentralTrackingPV_322_na,2021]	5254220.69692
BuildProj[Oahu_CentralTrackingPV_76_na,2021]	5261485.5716
BuildProj[Oahu_CentralTrackingPV_146_na,2037]	2020050.74485
BuildProj[Oahu_CentralTrackingPV_681_na,2037]	2012560.99891
BuildProj[Oahu_CentralTrackingPV_14_na,2037]	2023618.85785
BuildProj[Oahu_CentralTrackingPV_386_na,2021]	5243592.40405
BuildProj[Oahu_Wind_401_na,2037]	2542496.57265
BuildProj[Oahu_Wind_201_na,2021]	6609867.75816
BuildProj[Oahu_CentralTrackingPV_652_na,2021]	5238447.11541
BuildProj[Oahu_CentralTrackingPV_492_na,2037]	2018048.03483
BuildProj[Oahu_CentralTrackingPV_261_na,2037]	2022812.20866
BuildProj[Oahu_CentralTrackingPV_490_na,2037]	2017121.26558
BuildProj[Oahu_CentralTrackingPV_612_na,2037]	2006502.43434
BuildProj[Oahu_CentralTrackingPV_482_na,2021]	5242875.97624
BuildProj[Oahu_CentralTrackingPV_286_na,2021]	5256083.33727
BuildProj[Oahu_CentralTrackingPV_616_na,2037]	2006856.62564
BuildProj[Oahu_CentralTrackingPV_154_na,2021]	5269516.77581
BuildProj[Oahu_CentralTrackingPV_310_na,2021]	5244635.51485
BuildProj[Oahu_CentralTrackingPV_143_na,2021]	5252420.99234
BuildProj[Oahu_Wind_407_na,2021]	6619267.51799
BuildProj[Oahu_CentralTrackingPV_498_na,2037]	2011395.69064
BuildProj[Oahu_CentralTrackingPV_514_na,2021]	5251049.84947
BuildProj[Oahu_Wind_209_na,2021]	6599295.30886
BuildProj[Oahu_CentralTrackingPV_618_na,2021]	5258080.12073
BuildProj[Oahu_CentralTrackingPV_641_na,2021]	5241761.71431
BuildProj[Oahu_CentralTrackingPV_327_na,2021]	5259529.43881
BuildProj[Oahu_CentralTrackingPV_556_na,2021]	5271909.50411
BuildProj[Oahu_CentralTrackingPV_690_na,2021]	5245825.00281
BuildProj[Oahu_CentralTrackingPV_422_na,2021]	5241802.59784
BuildProj[Oahu_CentralTrackingPV_575_na,2037]	2024921.72411
BuildProj[Oahu_CentralTrackingPV_226_na,2021]	5267242.55226
BuildProj[Oahu_CentralTrackingPV_155_na,2021]	5252110.91295
BuildProj[Oahu_CentralTrackingPV_406_na,2021]	5265273.98773
BuildProj[Oahu_CentralTrackingPV_657_na,2037]	2013120.44344
BuildProj[Oahu_CentralTrackingPV_153_na,2037]	2022674.41489
BuildProj[Oahu_CentralTrackingPV_451_na,2037]	2011984.70955
BuildProj[Oahu_CentralTrackingPV_376_na,2021]	5273112.76001
BuildProj[Oahu_CentralTrackingPV_242_na,2021]	5248947.39955
BuildProj[Oahu_CentralTrackingPV_220_na,2021]	5260826.08222
BuildProj[Oahu_CentralTrackingPV_69_na,2021]	5258736.28082
BuildProj[Oahu_CentralTrackingPV_341_na,2037]	2013012.51794
BuildProj[Oahu_CentralTrackingPV_270_na,2021]	5245392.76015
BuildProj[Oahu_CentralTrackingPV_149_na,2037]	2021126.89624
BuildProj[Oahu_CentralTrackingPV_701_na,2021]	5248403.63614
BuildProj[Oahu_CentralTrackingPV_302_na,2037]	2013649.78727
BuildProj[Oahu_CentralTrackingPV_465_na,2021]	5258168.01699
BuildProj[Oahu_CentralTrackingPV_324_na,2037]	2017993.11806
BuildProj[Oahu_CentralTrackingPV_439_na,2037]	2020316.61412
BuildProj[Oahu_CentralTrackingPV_661_na,2037]	2015373.99605
BuildProj[Oahu_CentralTrackingPV_111_na,2021]	5269106.23085
BuildProj[Oahu_CentralTrackingPV_640_na,2037]	2011989.05033
BuildProj[Oahu_CentralTrackingPV_540_na,2037]	2009310.28752
BuildProj[Oahu_CentralTrackingPV_435_na,2037]	2018025.92351
BuildProj[Oahu_CentralTrackingPV_52_na,2037]	2024073.84906
BuildProj[Oahu_CentralTrackingPV_176_na,2037]	2015615.86317
BuildProj[Oahu_CentralTrackingPV_194_na,2037]	2022066.53784
BuildProj[Oahu_CentralTrackingPV_209_na,2021]	5250155.48278
BuildProj[Oahu_CentralTrackingPV_108_na,2021]	5266367.16946
BuildProj[Oahu_CentralTrackingPV_554_na,2037]	2022998.56333
BuildProj[Oahu_CentralTrackingPV_668_na,2037]	2015588.68971
BuildProj[Oahu_SCCT,2037]	1536884.68907
BuildProj[Oahu_CentralTrackingPV_392_na,2037]	2015003.84642
BuildProj[Oahu_CentralTrackingPV_237_na,2021]	5246975.84769
BuildProj[Oahu_Wind_410_na,2021]	6618483.62978
BuildProj[Oahu_CentralTrackingPV_446_na,2037]	2025566.43997
BuildProj[Oahu_CentralTrackingPV_509_na,2021]	5240996.60356
BuildProj[Oahu_CentralTrackingPV_580_na,2021]	5238014.96847
BuildProj[Oahu_CentralTrackingPV_577_na,2037]	2008575.71484
BuildProj[Oahu_CentralTrackingPV_89_na,2021]	5257907.13676
BuildProj[Oahu_CentralTrackingPV_709_na,2021]	5251473.7704
BuildProj[Oahu_CentralTrackingPV_244_na,2021]	5250194.84851
BuildProj[Oahu_CentralTrackingPV_438_na,2021]	5261112.06928
BuildProj[Oahu_CentralTrackingPV_696_na,2021]	5247070.99413
BuildProj[Oahu_CentralTrackingPV_676_na,2021]	5240367.28222
BuildProj[Oahu_CentralTrackingPV_725_na,2021]	5255408.90372
BuildProj[Oahu_CentralTrackingPV_444_na,2037]	2024595.24486
BuildProj[Oahu_CentralTrackingPV_600_na,2021]	5271407.90051
BuildProj[Oahu_CentralTrackingPV_667_na,2037]	2012600.87034
BuildProj[Oahu_CentralTrackingPV_134_na,2021]	5253747.5378
BuildProj[Oahu_CentralTrackingPV_343_na,2021]	5242814.54403
BuildProj[Oahu_CentralTrackingPV_240_na,2021]	5247945.12801
BuildProj[Oahu_CentralTrackingPV_475_na,2037]	2010922.09562
BuildProj[Oahu_Wind_101_na,2021]	6635680.32288
BuildProj[Oahu_CentralTrackingPV_150_na,2021]	5265427.77403
BuildProj[Oahu_CentralTrackingPV_196_na,2037]	2022902.91288
BuildProj[Oahu_CIP_CIP1,2009]	1768296.73646
BuildProj[Oahu_CentralTrackingPV_201_na,2037]	2014860.97655
BuildProj[Oahu_CentralTrackingPV_205_na,2037]	2015014.65786
BuildProj[Oahu_CentralTrackingPV_388_na,2037]	2013664.1296
BuildProj[Oahu_CentralTrackingPV_233_na,2021]	5246796.91674
BuildProj[Oahu_CentralTrackingPV_669_na,2021]	5251203.04517
BuildProj[Oahu_CentralTrackingPV_167_na,2021]	5262574.53885
BuildProj[Oahu_Wind_402_na,2037]	2544615.60743
BuildProj[Oahu_CentralTrackingPV_572_na,2021]	5270402.08212
BuildProj[Oahu_CentralTrackingPV_62_na,2021]	5262713.72096
BuildProj[Oahu_CentralTrackingPV_94_na,2037]	2021926.22532
BuildProj[Oahu_CentralTrackingPV_230_na,2021]	5247515.32889
BuildProj[Oahu_CentralTrackingPV_222_na,2021]	5262904.43611
BuildProj[Oahu_CentralTrackingPV_603_na,2037]	2020734.46515
BuildProj[Oahu_CentralTrackingPV_431_na,2021]	5251822.2535
BuildProj[Oahu_CentralTrackingPV_296_na,2021]	5267025.76399
BuildProj[Oahu_CentralTrackingPV_722_na,2037]	2018141.5624
BuildProj[Oahu_CentralTrackingPV_432_na,2021]	5252930.05669
BuildProj[Oahu_CentralTrackingPV_82_na,2037]	2022965.6907
BuildProj[Oahu_CentralTrackingPV_35_na,2021]	5265202.52666
BuildProj[Oahu_CentralTrackingPV_721_na,2021]	5257606.31808
BuildProj[Oahu_CentralTrackingPV_457_na,2021]	5248884.32541
BuildProj[Oahu_CentralTrackingPV_512_na,2021]	5244113.58687
BuildProj[Oahu_CentralTrackingPV_371_na,2037]	2022119.81944
BuildProj[Oahu_CentralTrackingPV_280_na,2037]	2015504.5636
BuildProj[Oahu_CentralTrackingPV_347_na,2037]	2012908.39607
BuildProj[Oahu_CentralTrackingPV_248_na,2037]	2017524.08289
BuildProj[Oahu_CentralTrackingPV_639_na,2037]	2011567.21596
BuildProj[Oahu_CentralTrackingPV_680_na,2037]	2012353.57181
BuildProj[Oahu_CentralTrackingPV_594_na,2021]	5263530.31887
BuildProj[Oahu_CentralTrackingPV_596_na,2037]	2021782.47562
BuildProj[Oahu_CentralTrackingPV_231_na,2037]	2014506.83423
BuildProj[Oahu_CentralTrackingPV_562_na,2037]	2010362.90133
BuildProj[Oahu_Wind_303_na,2021]	6631066.41946
BuildProj[Oahu_CentralTrackingPV_275_na,2037]	2014313.02085
BuildProj[Oahu_CentralTrackingPV_42_na,2037]	2020125.05833
BuildProj[Oahu_CentralTrackingPV_526_na,2021]	5236536.21238
BuildProj[Oahu_CentralTrackingPV_478_na,2021]	5239484.64039
BuildProj[Oahu_Wind_502_na,2021]	6623160.34003
BuildProj[Oahu_CentralTrackingPV_254_na,2021]	5261043.70614
BuildBattery[Oahu,2021]	618211.228088
BuildBattery[Oahu,2037]	237343.916691
BuildPumpedHydroMW[Lake_Wilson,2021]	4063020.72252
BuildPumpedHydroMW[Lake_Wilson,2037]	1559876.63774
BuildAnyPumpedHydro[Lake_Wilson,2021]	0.0
BuildAnyPumpedHydro[Lake_Wilson,2037]	0.0
RFMSupplyTierActivate[Hawaii_Diesel,2021,base]	0.0
RFMSupplyTierActivate[Hawaii_LNG,2021,bulk]	799833499.152
RFMSupplyTierActivate[Hawaii_Pellet-Biomass,2037,base]	0.0
RFMSupplyTierActivate[Hawaii_LNG,2037,container]	0.0
RFMSupplyTierActivate[Hawaii_LSFO,2021,base]	0.0
RFMSupplyTierActivate[Hawaii_Coal,2037,base]	0.0
RFMSupplyTierActivate[Hawaii_Biodiesel,2037,base]	0.0
RFMSupplyTierActivate[Hawaii_LSFO-Diesel-Blend,2021,base]	0.0
RFMSupplyTierActivate[Hawaii_Diesel,2037,base]	0.0
RFMSupplyTierActivate[Hawaii_LNG,2037,bulk]	498429793.552
RFMSupplyTierActivate[Hawaii_Pellet-Biomass,2021,base]	0.0
RFMSupplyTierActivate[Hawaii_LNG,2021,container]	0.0
RFMSupplyTierActivate[Hawaii_LSFO,2037,base]	0.0
RFMSupplyTierActivate[Hawaii_Coal,2021,base]	0.0
RFMSupplyTierActivate[Hawaii_Biodiesel,2021,base]	0.0
RFMSupplyTierActivate[Hawaii_LSFO-Diesel-Blend,2037,base]	0.0
BuildElectrolyzerMW[Oahu,2021]	3080024.94157
BuildElectrolyzerMW[Oahu,2037]	1182484.48091
BuildLiquifierKgPerHour[Oahu,2021]	52037.2057323
BuildLiquifierKgPerHour[Oahu,2037]	19978.1460781
BuildLiquidHydrogenTankKg[Oahu,2021]	33.4724693298
BuildLiquidHydrogenTankKg[Oahu,2037]	12.8507642746
BuildFuelCellMW[Oahu,2021]	2247069.46581
BuildFuelCellMW[Oahu,2037]	862695.861646
